Workbook

Sheet Leia-me
A1: DICIONÁRIO DO INDICADOR · APONTAMENTO DE MÃO DE OBRA DA MANUTENÇÃO
A2: Usina Lins Agroindustrial · PCM · alinhado a ABNT NBR ISO 55001 (9.1 – monitoramento, medição, análise e avaliação) e ISO 14224 (horas-homem de manutenção)
A4: Sigla | B4: Indicador | C4: Fórmula | D4: Meta | E4: Frequência | F4: Onde é calculado | G4: Para que serve / como agir
A5: IAP | B5: % Apontamento (ponderado) | C5: Σ horas apontadas ÷ Σ horas disponíveis, no recorte selecionado | D5: ≥ 80% | E5: Diária / semanal / mensal | F5: Base Diária · col. L e M | G5: Mede o quanto da jornada disponível virou registro em ordem de manutenção. Indicador de VOLUME. Ponderado: um dia de 8,8 h pesa mais que um dia de 6,67 h.
A6: IAM | B6: % Aderência (dias na meta) | C6: Dias-empregado com apontamento ≥ meta ÷ dias-empregado trabalhados | D6: ≥ 80% | E6: Diária / semanal / mensal | F6: Base Diária · col. R | G6: Mede CONSISTÊNCIA. Expõe o que a média esconde: quem faz 60% e 100% tem média 80%, mas aderência 50%.
A7: IHR | B7: Horas a recuperar | C7: Σ MAX(0 ; horas disponíveis × meta − horas apontadas) nos dias trabalhados | D7: Minimizar | E7: Diária / semanal / mensal | F7: Base Diária · col. S | G7: Converte o gap percentual em HORAS-HOMEM — a linguagem da gerência. Base para custeio da mão de obra indireta.
A8: ICE | B8: Cobertura do efetivo | C8: Empregados com IAP ≥ meta ÷ efetivo mensurável do centro | D8: ≥ 80% | E8: Semanal / mensal | F8: Painel Empregado · col. Q | G8: Mostra se o resultado do centro vem do time inteiro ou de poucos "puxadores". Direciona a ação para a pessoa, não para a área.
A9: IDA | B9: Faltas de registro | C9: Dias-empregado classificados como dia de trabalho no ciclo e sem nenhuma hora apontada | D9: Investigar 100% | E9: Diária | F9: Base Diária · col. Y = "Falta de registro" | G9: QUALIDADE DO DADO. Separa FOLGA, FÉRIAS/AFASTAMENTO e FALTA. O ciclo de cada escala diz se o dia era de trabalho; uma ausência acima do limite de Parâmetros!E16 vira afastamento. O que sobra é falha de lançamento ou ausência pontual do colaborador — a planilha não distingue os dois.
A10: ISA | B10: Sobre-apontamento | C10: Dias-empregado acima da tolerância de Parâmetros!E15 | D10: Investigar 100% | E10: Diária | F10: Base Diária · col. T | G10: QUALIDADE DO DADO. Apontar mais horas que a jornada indica erro de lançamento, hora extra não parametrizada ou duplicidade de ordem. Infla o IAP.
A11: IDF | B11: Divergência de escala | C11: Dias em que o turno de cadastro (ou o ciclo, no caso do folguista) e o turno inferido pela hora não coincidem | D11: Zero | E11: Diária | F11: Base Diária · col. V | G11: CONTROLE DA ESCALA. O turno de TODO empregado é apurado pela hora do apontamento, não pelo cadastro. Base atual: 226 dias divergentes, a maioria ADM apurado como A — revisar antes de usar o IAP para cobrança.
A13: AS 9 ABAS DA PASTA
A14: Leia-me | C14: Esta aba: definição dos indicadores, mapa da pasta e premissas assumidas.
A15: Parâmetros | C15: ÚNICO ponto de digitação. Jornadas por turno, meta, data de corte, tolerância, limites da inferência, de-para de escalas, regra de folga por escala e sequência de turnos do folguista.
A16: Cadastro | C16: CADASTRO COM VIGÊNCIA. Uma linha por empregado E por período. Colunas de entrada: escala, data de vigência e dia do ciclo no 1º dia da série. Mudou de escala? Acrescente uma linha nova, sem apagar a anterior.
A17: Dados | C17: Extração bruta do SAP (16 colunas, intocadas) + 3 colunas de apoio: Q = minuto de início, R = minuto de fim, S = DATA DO TURNO (reatribui a madrugada ao dia de entrada).
A18: Base Diária | C18: TABELA FATO. 1 linha = 1 empregado × 1 dia. Única fonte de verdade. W e X contam o ciclo de trabalho/folga; Z e AA medem a ausência seguida; Y classifica o dia; AB aponta a linha do Cadastro vigente naquela data.
A19: Painel Centro | C19: Consolidado por centro de trabalho, com semáforo contra a meta.
A20: Painel Empregado | C20: Consolidado por empregado, com filtro por centro de trabalho.
A21: Matriz Diária | C21: Visão matricial: em cima, cada empregado dia a dia (com filtro por centro); embaixo, o IAP ponderado de cada centro no mesmo eixo de datas, mais GERAL e META.
A24: PREMISSAS E LIMITAÇÕES ASSUMIDAS
A25: • Jornada de referência (Parâmetros!E6:E9): A = 7,58 h · B = 7,67 h · C = 6,67 h · ADM = 8,80 h. Valores informados pelo usuário nesta planilha.
A26: • Escalas 6x1 e FF 6x1 têm jornada FIXA pelo contrato, não inferida: 07:00 às 16:48 (8,80 h líquidas) de segunda a sexta, e 07:00 às 15:20 (7,33 h) no sábado e no domingo. Linhas 9 e 10 de Parâmetros.
A27: • ESCALA 5x2: jornada fixa de 07:00 às 16:48 (8,80 h líquidas) de segunda a sexta. Sábado e domingo são folga por calendário e não têm jornada de referência — apontamento no fim de semana é marcado como "Folga trabalhada" e fica fora da apuração, por ser hora extra e não utilização de jornada programada.
A28: • O turno ADM foi REMOVIDO. Ele existia só para representar o 6x1 e obrigava a inferência a um desempate frágil pela hora de saída: quem encerrava antes das 15:35 virava turno A e ganhava divisor de 7,58 h em vez de 8,80 h. Com a jornada fixa isso deixou de existir.
A29: • REGRA DA DATA DO TURNO: todo apontamento iniciado antes da entrada do diurno (Parâmetros!E19, derivado de 07:00) é somado ao DIA DE ENTRADA da jornada, ou seja, ao dia anterior. Vale para qualquer escala.
A30: • Corte às 07:00 e não às 07:20: na base atual não existe NENHUM apontamento de turno C entre 07:00 e 07:19, enquanto há 350 apontamentos A/ADM nessa faixa. Cortar às 07:00 preserva os dois lados.
A31: • MUDANÇA DE ESCALA NO MEIO DO PERÍODO: registre uma linha nova no Cadastro com o mesmo Nº pessoal, a escala nova e a data de vigência. A linha antiga permanece e continua valendo para os dias anteriores. Sobrescrever a linha existente aplicaria a escala nova ao mês inteiro e corromperia o histórico.
A32: • HIERARQUIA DE APURAÇÃO DO TURNO: (1) sendo 6x1 ou FF 6x1, a jornada é a do contrato — não se olha a hora. (2) nas demais escalas, havendo apontamento o turno vem da hora do 1º registro: a partir de E18 (23:20) ou antes de E19 (07:00) = C; antes de E20 (15:00) = A; senão B. (3) sem apontamento, vale o cadastro.
A33: • A evidência prevalece sobre o cadastro e sobre o ciclo porque a escala real muda por troca, cobertura e hora extra. A coluna V registra toda divergência para tratativa.
A34: • Empregados em Férias ou Folguista não têm jornada de referência própria: em dias SEM apontamento ficam FORA da apuração. Havendo apontamento, o turno é inferido pela hora normalmente.
A35: • ESCALA FOLGUISTA: ciclo de 4 dias de trabalho (B, B, C, C) e 2 de folga. A posição no ciclo é contada pelos apontamentos, sem data-âncora.
... A53: • A Base Diária traz o vínculo nas colunas AC (Exceção do dia) e AD (Motivo), casadas por Nº pessoal + data. Isso cobre manualmente a lacuna do campo de motivo de ausência que não vem na extração do SAP.

Sheet Parâmetros
A1: PARÂMETROS DA APURAÇÃO
A2: Tudo que se digita nesta pasta está nesta aba. Células amarelas = entrada do usuário; as demais são calculadas.
A4: JORNADAS DE REFERÊNCIA
A5: Turno | B5: Entrada | C5: Saída | D5: Jornada bruta (h) | E5: Jornada líquida (h) | F5: Meta em horas
A6: A | B6: 0.29166667 | C6: 0.64930556 | D6: 8.58 | E6: 7.58 | F6: =$E6*$E$13 -> 6.064
A7: B | B7: 0.625 | C7: 0.98611111 | D7: 8.67 | E7: 7.67 | F7: =$E7*$E$13 -> 6.136
A8: C | B8: 0.97222222 | C8: 0.30555556 | D8: 7.67 | E8: 6.67 | F8: =$E8*$E$13 -> 5.336
A9: 6x1 | B9: 0.29166667 | C9: 0.7 | D9: 9.8 | E9: 8.8 | F9: =$E9*$E$13 -> 7.04
A10: 6x1 sáb/dom | B10: 0.29166667 | C10: 0.63888889 | D10: 8.33 | E10: 7.33 | F10: =$E10*$E$13 -> 5.864
A11: 5x2 | B11: 0.29166667 | C11: 0.7 | D11: 9.8 | E11: 8.8 | F11: =$E11*$E$13 -> 7.04
A12: PARÂMETROS DO INDICADOR
A13: Meta de apontamento | E13: 0.8
A14: Última data apurada | E14: 46318
A15: Tolerância de sobre-apontamento | E15: 1
A16: Dias sem apontamento para afastamento | E16: 30
A17: LIMITES DA INFERÊNCIA DE TURNO — derivados das jornadas acima, em minutos
A18: Entrada do turno C | E18: =HOUR($B$8)*60+MINUTE($B$8) -> 1400
A19: Entrada do diurno (corte da madrugada) | E19: =HOUR($B$6)*60+MINUTE($B$6) -> 420
A20: Entrada do turno B | E20: =HOUR($B$7)*60+MINUTE($B$7) -> 900
A23: Regra: para 6x1 e FF 6x1 a jornada é FIXA pelo contrato (07:00-16:48 de segunda a sexta e no domingo; 07:00-15:20 no sábado). Para as demais escalas o turno é deduzido da hora do 1º apontamento: a partir de E18 ou antes de E19 = C; antes de E20 = A; senão B.
A24: O turno ADM foi removido: ele existia apenas para representar o 6x1, que agora tem jornada própria e não depende de inferência.
A26: Escala no cadastro | B26: Turno de referência
A27: 6x1 | B27: 6x1
A28: A | B28: A
A29: B | B29: B
A30: C | B30: C
A31: FF 6x1 | B31: 6x1
A32: FF A | B32: A
A33: FF B | B33: B
A34: Folguista | B34: Folguista
A35: Férias | B35: Férias
A36: 5x2 | B36: 5x2
A37: REGRA DE FOLGA POR ESCALA
A38: Turno de referência | B38: Dias de trabalho | C38: Dias de folga | D38: Como a folga é identificada
A39: 6x1 | B39: 6 | C39: 1 | D39: Sábado e domingo sem apontamento são folga. Trabalha sábado OU domingo, nunca os dois. Falta de registro só existe de segunda a sexta
A40: A | B40: 5 | C40: 1 | D40: Após 5 dias seguidos com apontamento, o próximo dia sem apontamento é folga
A41: B | B41: 5 | C41: 1 | D41: Após 5 dias seguidos com apontamento, o próximo dia sem apontamento é folga
A42: C | B42: 5 | C42: 1 | D42: Após 5 dias seguidos com apontamento, o próximo dia sem apontamento é folga
A43: Folguista | B43: 4 | C43: 2 | D43: Após 4 dias seguidos com apontamento, os 2 dias seguintes sem apontamento são folga
A44: 5x2 | B44: 5 | C44: 2 | D44: Sábado e domingo são folga (regra de calendário). Falta de registro só existe de segunda a sexta
A50: SEQUÊNCIA DE TURNOS DO FOLGUISTA — posição dentro do ciclo de trabalho
A51: Turno esperado | D51: Pos 1 | E51: Pos 2 | F51: Pos 3 | G51: Pos 4
A52: Folguista | D52: B | E52: B | F52: C | G52: C
A54: Substitui a data-âncora: a posição no ciclo passou a ser contada pelos próprios apontamentos, sem depender de um marco que precisava ser corrigido a cada troca de escala.
A55: Um dia sem apontamento no meio do ciclo é FALTA DE REGISTRO — pode ser falta de lançamento ou falta do colaborador. A planilha não distingue os dois; ambos exigem tratativa.
A56: Afastamento: mais de N dias seguidos sem apontamento (N em E16) é tratado como férias/licença e sai da apuração — não conta como falta de registro nem entra no denominador do IAP.
A57: Fim de semana do 6x1: dia sem apontamento no sábado ou no domingo é sempre folga — a escala prevê um dos dois, e a planilha não tem como saber qual. Falta de registro no 6x1 só é apontada de segunda a sexta.

Sheet Cadastro
A1: CADASTRO DO EFETIVO DE MANUTENÇÃO · COM VIGÊNCIA
A2: Uma linha por empregado E por período de vigência. Mudou de escala ou de turno? Acrescente uma linha nova com a data em que a mudança passou a valer — não sobrescreva a anterior.
A4: Nº pessoal | B4: Empregado | C4: Centro de Trabalho | D4: Escala (cadastro) | E4: Vigente a partir de | F4: Dia do ciclo no 1º dia da série | G4: Turno de referência | H4: Entra na apuração? | I4: Chave (auxiliar)
A5: 9218 | B5: Adriano Donizete Bento Da Silva | C5: =IFERROR(VLOOKUP($A5,Dados!$A:$C,3,FALSE()),"NÃO INFORMADO") -> INS | D5: 6x1 | E5: 46237 | G5: 6x1 | H5: =IF(OR($G5="A",$G5="B",$G5="C",$G5="6x1",$G5="5x2",$G5="Folguista"),"Sim","Não") -> Sim | I5: =$A5&"|"&TEXT($E5,"yyyymmdd") -> 9218|yyyy0803
A6: 9218 | B6: Adriano Donizete Bento Da Silva | C6: =IFERROR(VLOOKUP($A6,Dados!$A:$C,3,FALSE()),"NÃO INFORMADO") -> INS | D6: A | E6: 46272 | G6: A | H6: =IF(OR($G6="A",$G6="B",$G6="C",$G6="6x1",$G6="5x2",$G6="Folguista"),"Sim","Não") -> Sim | I6: =$A6&"|"&TEXT($E6,"yyyymmdd") -> 9218|yyyy0907
A7: 9218 | B7: Adriano Donizete Bento Da Silva | C7: =IFERROR(VLOOKUP($A7,Dados!$A:$C,3,FALSE()),"NÃO INFORMADO") -> INS | D7: 6x1 | E7: 46273 | G7: 6x1 | H7: =IF(OR($G7="A",$G7="B",$G7="C",$G7="6x1",$G7="5x2",$G7="Folguista"),"Sim","Não") -> Sim | I7: =$A7&"|"&TEXT($E7,"yyyymmdd") -> 9218|yyyy0908
A8: 9218 | B8: Adriano Donizete Bento Da Silva | C8: =IFERROR(VLOOKUP($A8,Dados!$A:$C,3,FALSE()),"NÃO INFORMADO") -> INS | D8: Férias | E8: 46279 | G8: Férias | H8: =IF(OR($G8="A",$G8="B",$G8="C",$G8="6x1",$G8="5x2",$G8="Folguista"),"Sim","Não") -> Não | I8: =$A8&"|"&TEXT($E8,"yyyymmdd") -> 9218|yyyy0914
A9: 9218 | B9: Adriano Donizete Bento Da Silva | C9: =IFERROR(VLOOKUP($A9,Dados!$A:$C,3,FALSE()),"NÃO INFORMADO") -> INS | D9: 6x1 | E9: 46309 | G9: 6x1 | H9: =IF(OR($G9="A",$G9="B",$G9="C",$G9="6x1",$G9="5x2",$G9="Folguista"),"Sim","Não") -> Sim | I9: =$A9&"|"&TEXT($E9,"yyyymmdd") -> 9218|yyyy1014
A10: 9218 | B10: Adriano Donizete Bento Da Silva | C10: =IFERROR(VLOOKUP($A10,Dados!$A:$C,3,FALSE()),"NÃO INFORMADO") -> INS | D10: A | E10: 46316 | G10: A | H10: =IF(OR($G10="A",$G10="B",$G10="C",$G10="6x1",$G10="5x2",$G10="Folguista"),"Sim","Não") -> Sim | I10: =$A10&"|"&TEXT($E10,"yyyymmdd") -> 9218|yyyy1021
A11: 11352 | B11: Aguinaldo Jose Gomes Rodrigues | C11: =IFERROR(VLOOKUP($A11,Dados!$A:$C,3,FALSE()),"NÃO INFORMADO") -> MEC | D11: A | E11: 46237 | F11: 1 | G11: A | H11: =IF(OR($G11="A",$G11="B",$G11="C",$G11="6x1",$G11="5x2",$G11="Folguista"),"Sim","Não") -> Sim | I11: =$A11&"|"&TEXT($E11,"yyyymmdd") -> 11352|yyyy0803
A12: 11352 | B12: Aguinaldo Jose Gomes Rodrigues | C12: =IFERROR(VLOOKUP($A12,Dados!$A:$C,3,FALSE()),"NÃO INFORMADO") -> MEC | D12: 6x1 | E12: 46265 | G12: 6x1 | H12: =IF(OR($G12="A",$G12="B",$G12="C",$G12="6x1",$G12="5x2",$G12="Folguista"),"Sim","Não") -> Sim | I12: =$A12&"|"&TEXT($E12,"yyyymmdd") -> 11352|yyyy0831
A13: 11352 | B13: Aguinaldo Jose Gomes Rodrigues | C13: =IFERROR(VLOOKUP($A13,Dados!$A:$C,3,FALSE()),"NÃO INFORMADO") -> MEC | D13: A | E13: 46307 | G13: A | H13: =IF(OR($G13="A",$G13="B",$G13="C",$G13="6x1",$G13="5x2",$G13="Folguista"),"Sim","Não") -> Sim | I13: =$A13&"|"&TEXT($E13,"yyyymmdd") -> 11352|yyyy1012
A14: 11352 | B14: Aguinaldo Jose Gomes Rodrigues | C14: =IFERROR(VLOOKUP($A14,Dados!$A:$C,3,FALSE()),"NÃO INFORMADO") -> MEC | D14: 6x1 | E14: 46308 | G14: 6x1 | H14: =IF(OR($G14="A",$G14="B",$G14="C",$G14="6x1",$G14="5x2",$G14="Folguista"),"Sim","Não") -> Sim | I14: =$A14&"|"&TEXT($E14,"yyyymmdd") -> 11352|yyyy1013
A15: 56222 | B15: Alexandre Bueno Júnior | C15: =IFERROR(VLOOKUP($A15,Dados!$A:$C,3,FALSE()),"NÃO INFORMADO") -> AUT | D15: Férias | E15: 46237 | G15: Férias | H15: =IF(OR($G15="A",$G15="B",$G15="C",$G15="6x1",$G15="5x2",$G15="Folguista"),"Sim","Não") -> Não | I15: =$A15&"|"&TEXT($E15,"yyyymmdd") -> 56222|yyyy0803
A16: 56222 | B16: Alexandre Bueno Júnior | C16: =IFERROR(VLOOKUP($A16,Dados!$A:$C,3,FALSE()),"NÃO INFORMADO") -> AUT | D16: 6x1 | E16: 46244 | G16: 6x1 | H16: =IF(OR($G16="A",$G16="B",$G16="C",$G16="6x1",$G16="5x2",$G16="Folguista"),"Sim","Não") -> Sim | I16: =$A16&"|"&TEXT($E16,"yyyymmdd") -> 56222|yyyy0810
A17: 56222 | B17: Alexandre Bueno Júnior | C17: =IFERROR(VLOOKUP($A17,Dados!$A:$C,3,FALSE()),"NÃO INFORMADO") -> AUT | D17: Férias | E17: 46307 | G17: Férias | H17: =IF(OR($G17="A",$G17="B",$G17="C",$G17="6x1",$G17="5x2",$G17="Folguista"),"Sim","Não") -> Não | I17: =$A17&"|"&TEXT($E17,"yyyymmdd") -> 56222|yyyy1012
A18: 54161 | B18: Alexandre Miranda Damaceno | C18: =IFERROR(VLOOKUP($A18,Dados!$A:$C,3,FALSE()),"NÃO INFORMADO") -> ELE | D18: B | E18: 46237 | F18: 2 | G18: B | H18: =IF(OR($G18="A",$G18="B",$G18="C",$G18="6x1",$G18="5x2",$G18="Folguista"),"Sim","Não") -> Sim | I18: =$A18&"|"&TEXT($E18,"yyyymmdd") -> 54161|yyyy0803
A19: 11950 | B19: Andre Luiz Bolonha | C19: =IFERROR(VLOOKUP($A19,Dados!$A:$C,3,FALSE()),"NÃO INFORMADO") -> CAL | D19: B | E19: 46237 | F19: 1 | G19: B | H19: =IF(OR($G19="A",$G19="B",$G19="C",$G19="6x1",$G19="5x2",$G19="Folguista"),"Sim","Não") -> Sim | I19: =$A19&"|"&TEXT($E19,"yyyymmdd") -> 11950|yyyy0803
A20: 52351 | B20: Antonio Dos Anjos Gomes | C20: =IFERROR(VLOOKUP($A20,Dados!$A:$C,3,FALSE()),"NÃO INFORMADO") -> LUB | D20: 6x1 | E20: 46237 | G20: 6x1 | H20: =IF(OR($G20="A",$G20="B",$G20="C",$G20="6x1",$G20="5x2",$G20="Folguista"),"Sim","Não") -> Sim | I20: =$A20&"|"&TEXT($E20,"yyyymmdd") -> 52351|yyyy0803
A21: 52351 | B21: Antonio Dos Anjos Gomes | C21: =IFERROR(VLOOKUP($A21,Dados!$A:$C,3,FALSE()),"NÃO INFORMADO") -> LUB | D21: Férias | E21: 46251 | G21: Férias | H21: =IF(OR($G21="A",$G21="B",$G21="C",$G21="6x1",$G21="5x2",$G21="Folguista"),"Sim","Não") -> Não | I21: =$A21&"|"&TEXT($E21,"yyyymmdd") -> 52351|yyyy0817
A22: 52351 | B22: Antonio Dos Anjos Gomes | C22: =IFERROR(VLOOKUP($A22,Dados!$A:$C,3,FALSE()),"NÃO INFORMADO") -> LUB | D22: 6x1 | E22: 46281 | G22: 6x1 | H22: =IF(OR($G22="A",$G22="B",$G22="C",$G22="6x1",$G22="5x2",$G22="Folguista"),"Sim","Não") -> Sim | I22: =$A22&"|"&TEXT($E22,"yyyymmdd") -> 52351|yyyy0916
A23: 52351 | B23: Antonio Dos Anjos Gomes | C23: =IFERROR(VLOOKUP($A23,Dados!$A:$C,3,FALSE()),"NÃO INFORMADO") -> LUB | D23: A | E23: 46307 | G23: A | H23: =IF(OR($G23="A",$G23="B",$G23="C",$G23="6x1",$G23="5x2",$G23="Folguista"),"Sim","Não") -> Sim | I23: =$A23&"|"&TEXT($E23,"yyyymmdd") -> 52351|yyyy1012
A24: 52351 | B24: Antonio Dos Anjos Gomes | C24: =IFERROR(VLOOKUP($A24,Dados!$A:$C,3,FALSE()),"NÃO INFORMADO") -> LUB | D24: 6x1 | E24: 46308 | G24: 6x1 | H24: =IF(OR($G24="A",$G24="B",$G24="C",$G24="6x1",$G24="5x2",$G24="Folguista"),"Sim","Não") -> Sim | I24: =$A24&"|"&TEXT($E24,"yyyymmdd") -> 52351|yyyy1013
A25: 53726 | B25: Carlos Roberto Rodrigues | C25: =IFERROR(VLOOKUP($A25,Dados!$A:$C,3,FALSE()),"NÃO INFORMADO") -> PED | D25: 6x1 | E25: 46237 | G25: 6x1 | H25: =IF(OR($G25="A",$G25="B",$G25="C",$G25="6x1",$G25="5x2",$G25="Folguista"),"Sim","Não") -> Sim | I25: =$A25&"|"&TEXT($E25,"yyyymmdd") -> 53726|yyyy0803
A26: 53726 | B26: Carlos Roberto Rodrigues | C26: =IFERROR(VLOOKUP($A26,Dados!$A:$C,3,FALSE()),"NÃO INFORMADO") -> PED | D26: A | E26: 46307 | G26: A | H26: =IF(OR($G26="A",$G26="B",$G26="C",$G26="6x1",$G26="5x2",$G26="Folguista"),"Sim","Não") -> Sim | I26: =$A26&"|"&TEXT($E26,"yyyymmdd") -> 53726|yyyy1012
A27: 53726 | B27: Carlos Roberto Rodrigues | C27: =IFERROR(VLOOKUP($A27,Dados!$A:$C,3,FALSE()),"NÃO INFORMADO") -> PED | D27: 6x1 | E27: 46308 | G27: 6x1 | H27: =IF(OR($G27="A",$G27="B",$G27="C",$G27="6x1",$G27="5x2",$G27="Folguista"),"Sim","Não") -> Sim | I27: =$A27&"|"&TEXT($E27,"yyyymmdd") -> 53726|yyyy1013
A28: 56030 | B28: Cícero Roberto de oliveira | C28: =IFERROR(VLOOKUP($A28,Dados!$A:$C,3,FALSE()),"NÃO INFORMADO") -> PED | D28: 6x1 | E28: 46237 | G28: 6x1 | H28: =IF(OR($G28="A",$G28="B",$G28="C",$G28="6x1",$G28="5x2",$G28="Folguista"),"Sim","Não") -> Sim | I28: =$A28&"|"&TEXT($E28,"yyyymmdd") -> 56030|yyyy0803
A29: 56030 | B29: Cícero Roberto de oliveira | C29: =IFERROR(VLOOKUP($A29,Dados!$A:$C,3,FALSE()),"NÃO INFORMADO") -> PED | D29: A | E29: 46272 | G29: A | H29: =IF(OR($G29="A",$G29="B",$G29="C",$G29="6x1",$G29="5x2",$G29="Folguista"),"Sim","Não") -> Sim | I29: =$A29&"|"&TEXT($E29,"yyyymmdd") -> 56030|yyyy0907
A30: 56030 | B30: Cícero Roberto de oliveira | C30: =IFERROR(VLOOKUP($A30,Dados!$A:$C,3,FALSE()),"NÃO INFORMADO") -> PED | D30: 6x1 | E30: 46273 | G30: 6x1 | H30: =IF(OR($G30="A",$G30="B",$G30="C",$G30="6x1",$G30="5x2",$G30="Folguista"),"Sim","Não") -> Sim | I30: =$A30&"|"&TEXT($E30,"yyyymmdd") -> 56030|yyyy0908
A31: 56030 | B31: Cícero Roberto de oliveira | C31: =IFERROR(VLOOKUP($A31,Dados!$A:$C,3,FALSE()),"NÃO INFORMADO") -> PED | D31: A | E31: 46307 | G31: A | H31: =IF(OR($G31="A",$G31="B",$G31="C",$G31="6x1",$G31="5x2",$G31="Folguista"),"Sim","Não") -> Sim | I31: =$A31&"|"&TEXT($E31,"yyyymmdd") -> 56030|yyyy1012
... A37: 11229 | B37: Cristiano Henrique Soares De Jesus | C37: =IFERROR(VLOOKUP($A37,Dados!$A:$C,3,FALSE()),"NÃO INFORMADO") -> CAL | D37: 6x1 | E37: 46308 | G37: 6x1 | H37: =IF(OR($G37="A",$G37="B",$G37="C",$G37="6x1",$G37="5x2",$G37="Folguista"),"Sim","Não") -> Sim | I37: =$A37&"|"&TEXT($E37,"yyyymmdd") -> 11229|yyyy1013
A38: 54611 | B38: Damiao Washington da Silva Oliveira | C38: =IFERROR(VLOOKUP($A38,Dados!$A:$C,3,FALSE()),"NÃO INFORMADO") -> CAL | D38: B | E38: 46237 | F38: 1 | G38: B | H38: =IF(OR($G38="A",$G38="B",$G38="C",$G38="6x1",$G38="5x2",$G38="Folguista"),"Sim","Não") -> Sim | I38: =$A38&"|"&TEXT($E38,"yyyymmdd") -> 54611|yyyy0803
A39: 53512 | B39: Daniel Henrique De Azevedo | C39: =IFERROR(VLOOKUP($A39,Dados!$A:$C,3,FALSE()),"NÃO INFORMADO") -> AUT | D39: 6x1 | E39: 46237 | G39: 6x1 | H39: =IF(OR($G39="A",$G39="B",$G39="C",$G39="6x1",$G39="5x2",$G39="Folguista"),"Sim","Não") -> Sim | I39: =$A39&"|"&TEXT($E39,"yyyymmdd") -> 53512|yyyy0803
A40: 53512 | B40: Daniel Henrique De Azevedo | C40: =IFERROR(VLOOKUP($A40,Dados!$A:$C,3,FALSE()),"NÃO INFORMADO") -> AUT | D40: A | E40: 46307 | G40: A | H40: =IF(OR($G40="A",$G40="B",$G40="C",$G40="6x1",$G40="5x2",$G40="Folguista"),"Sim","Não") -> Sim | I40: =$A40&"|"&TEXT($E40,"yyyymmdd") -> 53512|yyyy1012
A41: 53512 | B41: Daniel Henrique De Azevedo | C41: =IFERROR(VLOOKUP($A41,Dados!$A:$C,3,FALSE()),"NÃO INFORMADO") -> AUT | D41: 6x1 | E41: 46308 | G41: 6x1 | H41: =IF(OR($G41="A",$G41="B",$G41="C",$G41="6x1",$G41="5x2",$G41="Folguista"),"Sim","Não") -> Sim | I41: =$A41&"|"&TEXT($E41,"yyyymmdd") -> 53512|yyyy1013
A42: 56784 | B42: Danilo Elimar Campos | C42: =IFERROR(VLOOKUP($A42,Dados!$A:$C,3,FALSE()),"NÃO INFORMADO") -> USI | D42: C | E42: 46237 | F42: 4 | G42: C | H42: =IF(OR($G42="A",$G42="B",$G42="C",$G42="6x1",$G42="5x2",$G42="Folguista"),"Sim","Não") -> Sim | I42: =$A42&"|"&TEXT($E42,"yyyymmdd") -> 56784|yyyy0803
A43: 56784 | B43: Danilo Elimar Campos | C43: =IFERROR(VLOOKUP($A43,Dados!$A:$C,3,FALSE()),"NÃO INFORMADO") -> USI | D43: B | E43: 46309 | G43: B | H43: =IF(OR($G43="A",$G43="B",$G43="C",$G43="6x1",$G43="5x2",$G43="Folguista"),"Sim","Não") -> Sim | I43: =$A43&"|"&TEXT($E43,"yyyymmdd") -> 56784|yyyy1014
A44: 56855 | B44: Divanil Batista Neponocena | C44: =IFERROR(VLOOKUP($A44,Dados!$A:$C,3,FALSE()),"NÃO INFORMADO") -> INS | D44: 6x1 | E44: 46237 | G44: 6x1 | H44: =IF(OR($G44="A",$G44="B",$G44="C",$G44="6x1",$G44="5x2",$G44="Folguista"),"Sim","Não") -> Sim | I44: =$A44&"|"&TEXT($E44,"yyyymmdd") -> 56855|yyyy0803
A45: 56855 | B45: Divanil Batista Neponocena | C45: =IFERROR(VLOOKUP($A45,Dados!$A:$C,3,FALSE()),"NÃO INFORMADO") -> INS | D45: A | E45: 46252 | G45: A | H45: =IF(OR($G45="A",$G45="B",$G45="C",$G45="6x1",$G45="5x2",$G45="Folguista"),"Sim","Não") -> Sim | I45: =$A45&"|"&TEXT($E45,"yyyymmdd") -> 56855|yyyy0818
A46: 56855 | B46: Divanil Batista Neponocena | C46: =IFERROR(VLOOKUP($A46,Dados!$A:$C,3,FALSE()),"NÃO INFORMADO") -> INS | D46: 6x1 | E46: 46253 | G46: 6x1 | H46: =IF(OR($G46="A",$G46="B",$G46="C",$G46="6x1",$G46="5x2",$G46="Folguista"),"Sim","Não") -> Sim | I46: =$A46&"|"&TEXT($E46,"yyyymmdd") -> 56855|yyyy0819
A47: 56855 | B47: Divanil Batista Neponocena | C47: =IFERROR(VLOOKUP($A47,Dados!$A:$C,3,FALSE()),"NÃO INFORMADO") -> INS | D47: A | E47: 46272 | G47: A | H47: =IF(OR($G47="A",$G47="B",$G47="C",$G47="6x1",$G47="5x2",$G47="Folguista"),"Sim","Não") -> Sim | I47: =$A47&"|"&TEXT($E47,"yyyymmdd") -> 56855|yyyy0907
A48: 56855 | B48: Divanil Batista Neponocena | C48: =IFERROR(VLOOKUP($A48,Dados!$A:$C,3,FALSE()),"NÃO INFORMADO") -> INS | D48: 6x1 | E48: 46273 | G48: 6x1 | H48: =IF(OR($G48="A",$G48="B",$G48="C",$G48="6x1",$G48="5x2",$G48="Folguista"),"Sim","Não") -> Sim | I48: =$A48&"|"&TEXT($E48,"yyyymmdd") -> 56855|yyyy0908
A49: 56855 | B49: Divanil Batista Neponocena | C49: =IFERROR(VLOOKUP($A49,Dados!$A:$C,3,FALSE()),"NÃO INFORMADO") -> INS | D49: A | E49: 46286 | F49: 4 | G49: A | H49: =IF(OR($G49="A",$G49="B",$G49="C",$G49="6x1",$G49="5x2",$G49="Folguista"),"Sim","Não") -> Sim | I49: =$A49&"|"&TEXT($E49,"yyyymmdd") -> 56855|yyyy0921
A50: 56855 | B50: Divanil Batista Neponocena | C50: =IFERROR(VLOOKUP($A50,Dados!$A:$C,3,FALSE()),"NÃO INFORMADO") -> INS | D50: C | E50: 46318 | G50: C | H50: =IF(OR($G50="A",$G50="B",$G50="C",$G50="6x1",$G50="5x2",$G50="Folguista"),"Sim","Não") -> Sim | I50: =$A50&"|"&TEXT($E50,"yyyymmdd") -> 56855|yyyy1023
A51: 56855 | B51: Divanil Batista Neponocena | C51: =IFERROR(VLOOKUP($A51,Dados!$A:$C,3,FALSE()),"NÃO INFORMADO") -> INS | D51: A | E51: 46325 | G51: A | H51: =IF(OR($G51="A",$G51="B",$G51="C",$G51="6x1",$G51="5x2",$G51="Folguista"),"Sim","Não") -> Sim | I51: =$A51&"|"&TEXT($E51,"yyyymmdd") -> 56855|yyyy1030
A52: 55420 | B52: Edmar Barreto Da Silva | C52: =IFERROR(VLOOKUP($A52,Dados!$A:$C,3,FALSE()),"NÃO INFORMADO") -> MEC | D52: Férias | E52: 46237 | G52: Férias | H52: =IF(OR($G52="A",$G52="B",$G52="C",$G52="6x1",$G52="5x2",$G52="Folguista"),"Sim","Não") -> Não | I52: =$A52&"|"&TEXT($E52,"yyyymmdd") -> 55420|yyyy0803
A53: 55420 | B53: Edmar Barreto Da Silva | C53: =IFERROR(VLOOKUP($A53,Dados!$A:$C,3,FALSE()),"NÃO INFORMADO") -> MEC | D53: B | E53: 46248 | F53: 1 | G53: B | H53: =IF(OR($G53="A",$G53="B",$G53="C",$G53="6x1",$G53="5x2",$G53="Folguista"),"Sim","Não") -> Sim | I53: =$A53&"|"&TEXT($E53,"yyyymmdd") -> 55420|yyyy0814
A54: 9561 | B54: Edmilson Luciano Nunes | C54: =IFERROR(VLOOKUP($A54,Dados!$A:$C,3,FALSE()),"NÃO INFORMADO") -> ENGMAN | D54: Férias | E54: 46237 | G54: Férias | H54: =IF(OR($G54="A",$G54="B",$G54="C",$G54="6x1",$G54="5x2",$G54="Folguista"),"Sim","Não") -> Não | I54: =$A54&"|"&TEXT($E54,"yyyymmdd") -> 9561|yyyy0803
A55: 9561 | B55: Edmilson Luciano Nunes | C55: =IFERROR(VLOOKUP($A55,Dados!$A:$C,3,FALSE()),"NÃO INFORMADO") -> ENGMAN | D55: 6x1 | E55: 46253 | G55: 6x1 | H55: =IF(OR($G55="A",$G55="B",$G55="C",$G55="6x1",$G55="5x2",$G55="Folguista"),"Sim","Não") -> Sim | I55: =$A55&"|"&TEXT($E55,"yyyymmdd") -> 9561|yyyy0819
A56: 9561 | B56: Edmilson Luciano Nunes | C56: =IFERROR(VLOOKUP($A56,Dados!$A:$C,3,FALSE()),"NÃO INFORMADO") -> ENGMAN | D56: A | E56: 46272 | G56: A | H56: =IF(OR($G56="A",$G56="B",$G56="C",$G56="6x1",$G56="5x2",$G56="Folguista"),"Sim","Não") -> Sim | I56: =$A56&"|"&TEXT($E56,"yyyymmdd") -> 9561|yyyy0907
A57: 9561 | B57: Edmilson Luciano Nunes | C57: =IFERROR(VLOOKUP($A57,Dados!$A:$C,3,FALSE()),"NÃO INFORMADO") -> ENGMAN | D57: 6x1 | E57: 46273 | G57: 6x1 | H57: =IF(OR($G57="A",$G57="B",$G57="C",$G57="6x1",$G57="5x2",$G57="Folguista"),"Sim","Não") -> Sim | I57: =$A57&"|"&TEXT($E57,"yyyymmdd") -> 9561|yyyy0908
A58: 9561 | B58: Edmilson Luciano Nunes | C58: =IFERROR(VLOOKUP($A58,Dados!$A:$C,3,FALSE()),"NÃO INFORMADO") -> ENGMAN | D58: A | E58: 46307 | G58: A | H58: =IF(OR($G58="A",$G58="B",$G58="C",$G58="6x1",$G58="5x2",$G58="Folguista"),"Sim","Não") -> Sim | I58: =$A58&"|"&TEXT($E58,"yyyymmdd") -> 9561|yyyy1012
A59: 9561 | B59: Edmilson Luciano Nunes | C59: =IFERROR(VLOOKUP($A59,Dados!$A:$C,3,FALSE()),"NÃO INFORMADO") -> ENGMAN | D59: 6x1 | E59: 46308 | G59: 6x1 | H59: =IF(OR($G59="A",$G59="B",$G59="C",$G59="6x1",$G59="5x2",$G59="Folguista"),"Sim","Não") -> Sim | I59: =$A59&"|"&TEXT($E59,"yyyymmdd") -> 9561|yyyy1013
A60: 56227 | B60: Elvis Miler da Silva Araujo | C60: =IFERROR(VLOOKUP($A60,Dados!$A:$C,3,FALSE()),"NÃO INFORMADO") -> NÃO INFORMADO | D60: 6x1 | E60: 46237 | G60: 6x1 | H60: =IF(OR($G60="A",$G60="B",$G60="C",$G60="6x1",$G60="5x2",$G60="Folguista"),"Sim","Não") -> Sim | I60: =$A60&"|"&TEXT($E60,"yyyymmdd") -> 56227|yyyy0803
A61: 56227 | B61: Elvis Miler da Silva Araujo | C61: =IFERROR(VLOOKUP($A61,Dados!$A:$C,3,FALSE()),"NÃO INFORMADO") -> NÃO INFORMADO | D61: A | E61: 46272 | G61: A | H61: =IF(OR($G61="A",$G61="B",$G61="C",$G61="6x1",$G61="5x2",$G61="Folguista"),"Sim","Não") -> Sim | I61: =$A61&"|"&TEXT($E61,"yyyymmdd") -> 56227|yyyy0907
A62: 56227 | B62: Elvis Miler da Silva Araujo | C62: =IFERROR(VLOOKUP($A62,Dados!$A:$C,3,FALSE()),"NÃO INFORMADO") -> NÃO INFORMADO | D62: 6x1 | E62: 46273 | G62: 6x1 | H62: =IF(OR($G62="A",$G62="B",$G62="C",$G62="6x1",$G62="5x2",$G62="Folguista"),"Sim","Não") -> Sim | I62: =$A62&"|"&TEXT($E62,"yyyymmdd") -> 56227|yyyy0908
A63: 56227 | B63: Elvis Miler da Silva Araujo | C63: =IFERROR(VLOOKUP($A63,Dados!$A:$C,3,FALSE()),"NÃO INFORMADO") -> NÃO INFORMADO | D63: Férias | E63: 46293 | G63: Férias | H63: =IF(OR($G63="A",$G63="B",$G63="C",$G63="6x1",$G63="5x2",$G63="Folguista"),"Sim","Não") -> Não | I63: =$A63&"|"&TEXT($E63,"yyyymmdd") -> 56227|yyyy0928
A64: 55419 | B64: Eudes Henrique Lima de Santana | C64: =IFERROR(VLOOKUP($A64,Dados!$A:$C,3,FALSE()),"NÃO INFORMADO") -> ENGMAN | D64: 6x1 | E64: 46237 | G64: 6x1 | H64: =IF(OR($G64="A",$G64="B",$G64="C",$G64="6x1",$G64="5x2",$G64="Folguista"),"Sim","Não") -> Sim | I64: =$A64&"|"&TEXT($E64,"yyyymmdd") -> 55419|yyyy0803
A65: 55419 | B65: Eudes Henrique Lima de Santana | C65: =IFERROR(VLOOKUP($A65,Dados!$A:$C,3,FALSE()),"NÃO INFORMADO") -> ENGMAN | D65: Férias | E65: 46265 | G65: Férias | H65: =IF(OR($G65="A",$G65="B",$G65="C",$G65="6x1",$G65="5x2",$G65="Folguista"),"Sim","Não") -> Não | I65: =$A65&"|"&TEXT($E65,"yyyymmdd") -> 55419|yyyy0831
... A73: 9821 | B73: Eurico Pinto Dos Santos | C73: =IFERROR(VLOOKUP($A73,Dados!$A:$C,3,FALSE()),"NÃO INFORMADO") -> CAL | D73: 6x1 | E73: 46308 | G73: 6x1 | H73: =IF(OR($G73="A",$G73="B",$G73="C",$G73="6x1",$G73="5x2",$G73="Folguista"),"Sim","Não") -> Sim | I73: =$A73&"|"&TEXT($E73,"yyyymmdd") -> 9821|yyyy1013
A74: 53173 | B74: Felipe Cordeiro Da Silva Correa | C74: =IFERROR(VLOOKUP($A74,Dados!$A:$C,3,FALSE()),"NÃO INFORMADO") -> ELE | D74: A | E74: 46237 | F74: 1 | G74: A | H74: =IF(OR($G74="A",$G74="B",$G74="C",$G74="6x1",$G74="5x2",$G74="Folguista"),"Sim","Não") -> Sim | I74: =$A74&"|"&TEXT($E74,"yyyymmdd") -> 53173|yyyy0803
A75: 53173 | B75: Felipe Cordeiro Da Silva Correa | C75: =IFERROR(VLOOKUP($A75,Dados!$A:$C,3,FALSE()),"NÃO INFORMADO") -> ELE | D75: C | E75: 46244 | F75: 5 | G75: C | H75: =IF(OR($G75="A",$G75="B",$G75="C",$G75="6x1",$G75="5x2",$G75="Folguista"),"Sim","Não") -> Sim | I75: =$A75&"|"&TEXT($E75,"yyyymmdd") -> 53173|yyyy0810
A76: 52403 | B76: Fernando Bortolotti | C76: =IFERROR(VLOOKUP($A76,Dados!$A:$C,3,FALSE()),"NÃO INFORMADO") -> ELE | D76: C | E76: 46237 | F76: 5 | G76: C | H76: =IF(OR($G76="A",$G76="B",$G76="C",$G76="6x1",$G76="5x2",$G76="Folguista"),"Sim","Não") -> Sim | I76: =$A76&"|"&TEXT($E76,"yyyymmdd") -> 52403|yyyy0803
A77: 52403 | B77: Fernando Bortolotti | C77: =IFERROR(VLOOKUP($A77,Dados!$A:$C,3,FALSE()),"NÃO INFORMADO") -> ELE | D77: Férias | E77: 46286 | G77: Férias | H77: =IF(OR($G77="A",$G77="B",$G77="C",$G77="6x1",$G77="5x2",$G77="Folguista"),"Sim","Não") -> Não | I77: =$A77&"|"&TEXT($E77,"yyyymmdd") -> 52403|yyyy0921
A78: 53346 | B78: Francinildo da Silva | C78: =IFERROR(VLOOKUP($A78,Dados!$A:$C,3,FALSE()),"NÃO INFORMADO") -> ESP | D78: 6x1 | E78: 46237 | G78: 6x1 | H78: =IF(OR($G78="A",$G78="B",$G78="C",$G78="6x1",$G78="5x2",$G78="Folguista"),"Sim","Não") -> Sim | I78: =$A78&"|"&TEXT($E78,"yyyymmdd") -> 53346|yyyy0803
A79: 53346 | B79: Francinildo da Silva | C79: =IFERROR(VLOOKUP($A79,Dados!$A:$C,3,FALSE()),"NÃO INFORMADO") -> ESP | D79: A | E79: 46272 | G79: A | H79: =IF(OR($G79="A",$G79="B",$G79="C",$G79="6x1",$G79="5x2",$G79="Folguista"),"Sim","Não") -> Sim | I79: =$A79&"|"&TEXT($E79,"yyyymmdd") -> 53346|yyyy0907
A80: 53346 | B80: Francinildo da Silva | C80: =IFERROR(VLOOKUP($A80,Dados!$A:$C,3,FALSE()),"NÃO INFORMADO") -> ESP | D80: 6x1 | E80: 46273 | G80: 6x1 | H80: =IF(OR($G80="A",$G80="B",$G80="C",$G80="6x1",$G80="5x2",$G80="Folguista"),"Sim","Não") -> Sim | I80: =$A80&"|"&TEXT($E80,"yyyymmdd") -> 53346|yyyy0908
A81: 53346 | B81: Francinildo da Silva | C81: =IFERROR(VLOOKUP($A81,Dados!$A:$C,3,FALSE()),"NÃO INFORMADO") -> ESP | D81: A | E81: 46307 | G81: A | H81: =IF(OR($G81="A",$G81="B",$G81="C",$G81="6x1",$G81="5x2",$G81="Folguista"),"Sim","Não") -> Sim | I81: =$A81&"|"&TEXT($E81,"yyyymmdd") -> 53346|yyyy1012
A82: 53346 | B82: Francinildo da Silva | C82: =IFERROR(VLOOKUP($A82,Dados!$A:$C,3,FALSE()),"NÃO INFORMADO") -> ESP | D82: 6x1 | E82: 46308 | G82: 6x1 | H82: =IF(OR($G82="A",$G82="B",$G82="C",$G82="6x1",$G82="5x2",$G82="Folguista"),"Sim","Não") -> Sim | I82: =$A82&"|"&TEXT($E82,"yyyymmdd") -> 53346|yyyy1013
A83: 55637 | B83: Giovanne Willian de Oliveira Crubilatti | C83: =IFERROR(VLOOKUP($A83,Dados!$A:$C,3,FALSE()),"NÃO INFORMADO") -> INS | D83: 6x1 | E83: 46237 | G83: 6x1 | H83: =IF(OR($G83="A",$G83="B",$G83="C",$G83="6x1",$G83="5x2",$G83="Folguista"),"Sim","Não") -> Sim | I83: =$A83&"|"&TEXT($E83,"yyyymmdd") -> 55637|yyyy0803
A84: 55637 | B84: Giovanne Willian de Oliveira Crubilatti | C84: =IFERROR(VLOOKUP($A84,Dados!$A:$C,3,FALSE()),"NÃO INFORMADO") -> INS | D84: A | E84: 46244 | G84: A | H84: =IF(OR($G84="A",$G84="B",$G84="C",$G84="6x1",$G84="5x2",$G84="Folguista"),"Sim","Não") -> Sim | I84: =$A84&"|"&TEXT($E84,"yyyymmdd") -> 55637|yyyy0810
A85: 55637 | B85: Giovanne Willian de Oliveira Crubilatti | C85: =IFERROR(VLOOKUP($A85,Dados!$A:$C,3,FALSE()),"NÃO INFORMADO") -> INS | D85: 6x1 | E85: 46245 | G85: 6x1 | H85: =IF(OR($G85="A",$G85="B",$G85="C",$G85="6x1",$G85="5x2",$G85="Folguista"),"Sim","Não") -> Sim | I85: =$A85&"|"&TEXT($E85,"yyyymmdd") -> 55637|yyyy0811
A86: 55637 | B86: Giovanne Willian de Oliveira Crubilatti | C86: =IFERROR(VLOOKUP($A86,Dados!$A:$C,3,FALSE()),"NÃO INFORMADO") -> INS | D86: A | E86: 46272 | G86: A | H86: =IF(OR($G86="A",$G86="B",$G86="C",$G86="6x1",$G86="5x2",$G86="Folguista"),"Sim","Não") -> Sim | I86: =$A86&"|"&TEXT($E86,"yyyymmdd") -> 55637|yyyy0907
A87: 55637 | B87: Giovanne Willian de Oliveira Crubilatti | C87: =IFERROR(VLOOKUP($A87,Dados!$A:$C,3,FALSE()),"NÃO INFORMADO") -> INS | D87: 6x1 | E87: 46273 | G87: 6x1 | H87: =IF(OR($G87="A",$G87="B",$G87="C",$G87="6x1",$G87="5x2",$G87="Folguista"),"Sim","Não") -> Sim | I87: =$A87&"|"&TEXT($E87,"yyyymmdd") -> 55637|yyyy0908
A88: 55637 | B88: Giovanne Willian de Oliveira Crubilatti | C88: =IFERROR(VLOOKUP($A88,Dados!$A:$C,3,FALSE()),"NÃO INFORMADO") -> INS | D88: A | E88: 46307 | G88: A | H88: =IF(OR($G88="A",$G88="B",$G88="C",$G88="6x1",$G88="5x2",$G88="Folguista"),"Sim","Não") -> Sim | I88: =$A88&"|"&TEXT($E88,"yyyymmdd") -> 55637|yyyy1012
... A91: 55637 | B91: Giovanne Willian de Oliveira Crubilatti | C91: =IFERROR(VLOOKUP($A91,Dados!$A:$C,3,FALSE()),"NÃO INFORMADO") -> INS | D91: 6x1 | E91: 46312 | G91: 6x1 | H91: =IF(OR($G91="A",$G91="B",$G91="C",$G91="6x1",$G91="5x2",$G91="Folguista"),"Sim","Não") -> Sim | I91: =$A91&"|"&TEXT($E91,"yyyymmdd") -> 55637|yyyy1017
A92: 54049 | B92: Givanildo Alves Pereira | C92: =IFERROR(VLOOKUP($A92,Dados!$A:$C,3,FALSE()),"NÃO INFORMADO") -> ELE | D92: C | E92: 46237 | F92: 3 | G92: C | H92: =IF(OR($G92="A",$G92="B",$G92="C",$G92="6x1",$G92="5x2",$G92="Folguista"),"Sim","Não") -> Sim | I92: =$A92&"|"&TEXT($E92,"yyyymmdd") -> 54049|yyyy0803
A93: 54049 | B93: Givanildo Alves Pereira | C93: =IFERROR(VLOOKUP($A93,Dados!$A:$C,3,FALSE()),"NÃO INFORMADO") -> ELE | D93: Férias | E93: 46244 | G93: Férias | H93: =IF(OR($G93="A",$G93="B",$G93="C",$G93="6x1",$G93="5x2",$G93="Folguista"),"Sim","Não") -> Não | I93: =$A93&"|"&TEXT($E93,"yyyymmdd") -> 54049|yyyy0810
A94: 54049 | B94: Givanildo Alves Pereira | C94: =IFERROR(VLOOKUP($A94,Dados!$A:$C,3,FALSE()),"NÃO INFORMADO") -> ELE | D94: A | E94: 46274 | G94: A | H94: =IF(OR($G94="A",$G94="B",$G94="C",$G94="6x1",$G94="5x2",$G94="Folguista"),"Sim","Não") -> Sim | I94: =$A94&"|"&TEXT($E94,"yyyymmdd") -> 54049|yyyy0909
A95: 54049 | B95: Givanildo Alves Pereira | C95: =IFERROR(VLOOKUP($A95,Dados!$A:$C,3,FALSE()),"NÃO INFORMADO") -> ELE | D95: C | E95: 46287 | F95: 2 | G95: C | H95: =IF(OR($G95="A",$G95="B",$G95="C",$G95="6x1",$G95="5x2",$G95="Folguista"),"Sim","Não") -> Sim | I95: =$A95&"|"&TEXT($E95,"yyyymmdd") -> 54049|yyyy0922
A96: 50636 | B96: Haroldo Honorato De Oliveira | C96: =IFERROR(VLOOKUP($A96,Dados!$A:$C,3,FALSE()),"NÃO INFORMADO") -> CAL | D96: 6x1 | E96: 46237 | G96: 6x1 | H96: =IF(OR($G96="A",$G96="B",$G96="C",$G96="6x1",$G96="5x2",$G96="Folguista"),"Sim","Não") -> Sim | I96: =$A96&"|"&TEXT($E96,"yyyymmdd") -> 50636|yyyy0803
A97: 50636 | B97: Haroldo Honorato De Oliveira | C97: =IFERROR(VLOOKUP($A97,Dados!$A:$C,3,FALSE()),"NÃO INFORMADO") -> CAL | D97: Férias | E97: 46258 | G97: Férias | H97: =IF(OR($G97="A",$G97="B",$G97="C",$G97="6x1",$G97="5x2",$G97="Folguista"),"Sim","Não") -> Não | I97: =$A97&"|"&TEXT($E97,"yyyymmdd") -> 50636|yyyy0824
A98: 50636 | B98: Haroldo Honorato De Oliveira | C98: =IFERROR(VLOOKUP($A98,Dados!$A:$C,3,FALSE()),"NÃO INFORMADO") -> CAL | D98: 6x1 | E98: 46288 | G98: 6x1 | H98: =IF(OR($G98="A",$G98="B",$G98="C",$G98="6x1",$G98="5x2",$G98="Folguista"),"Sim","Não") -> Sim | I98: =$A98&"|"&TEXT($E98,"yyyymmdd") -> 50636|yyyy0923
A99: 50636 | B99: Haroldo Honorato De Oliveira | C99: =IFERROR(VLOOKUP($A99,Dados!$A:$C,3,FALSE()),"NÃO INFORMADO") -> CAL | D99: A | E99: 46307 | G99: A | H99: =IF(OR($G99="A",$G99="B",$G99="C",$G99="6x1",$G99="5x2",$G99="Folguista"),"Sim","Não") -> Sim | I99: =$A99&"|"&TEXT($E99,"yyyymmdd") -> 50636|yyyy1012
A100: 50636 | B100: Haroldo Honorato De Oliveira | C100: =IFERROR(VLOOKUP($A100,Dados!$A:$C,3,FALSE()),"NÃO INFORMADO") -> CAL | D100: 6x1 | E100: 46308 | G100: 6x1 | H100: =IF(OR($G100="A",$G100="B",$G100="C",$G100="6x1",$G100="5x2",$G100="Folguista"),"Sim","Não") -> Sim | I100: =$A100&"|"&TEXT($E100,"yyyymmdd") -> 50636|yyyy1013
A101: 56256 | B101: Hugo Monteiro Oliveira | C101: =IFERROR(VLOOKUP($A101,Dados!$A:$C,3,FALSE()),"NÃO INFORMADO") -> LUB | D101: 6x1 | E101: 46237 | G101: 6x1 | H101: =IF(OR($G101="A",$G101="B",$G101="C",$G101="6x1",$G101="5x2",$G101="Folguista"),"Sim","Não") -> Sim | I101: =$A101&"|"&TEXT($E101,"yyyymmdd") -> 56256|yyyy0803
A102: 56256 | B102: Hugo Monteiro Oliveira | C102: =IFERROR(VLOOKUP($A102,Dados!$A:$C,3,FALSE()),"NÃO INFORMADO") -> LUB | D102: A | E102: 46272 | G102: A | H102: =IF(OR($G102="A",$G102="B",$G102="C",$G102="6x1",$G102="5x2",$G102="Folguista"),"Sim","Não") -> Sim | I102: =$A102&"|"&TEXT($E102,"yyyymmdd") -> 56256|yyyy0907
A103: 56256 | B103: Hugo Monteiro Oliveira | C103: =IFERROR(VLOOKUP($A103,Dados!$A:$C,3,FALSE()),"NÃO INFORMADO") -> LUB | D103: 6x1 | E103: 46273 | G103: 6x1 | H103: =IF(OR($G103="A",$G103="B",$G103="C",$G103="6x1",$G103="5x2",$G103="Folguista"),"Sim","Não") -> Sim | I103: =$A103&"|"&TEXT($E103,"yyyymmdd") -> 56256|yyyy0908
A104: 56256 | B104: Hugo Monteiro Oliveira | C104: =IFERROR(VLOOKUP($A104,Dados!$A:$C,3,FALSE()),"NÃO INFORMADO") -> LUB | D104: A | E104: 46307 | G104: A | H104: =IF(OR($G104="A",$G104="B",$G104="C",$G104="6x1",$G104="5x2",$G104="Folguista"),"Sim","Não") -> Sim | I104: =$A104&"|"&TEXT($E104,"yyyymmdd") -> 56256|yyyy1012
A105: 56256 | B105: Hugo Monteiro Oliveira | C105: =IFERROR(VLOOKUP($A105,Dados!$A:$C,3,FALSE()),"NÃO INFORMADO") -> LUB | D105: 6x1 | E105: 46308 | G105: 6x1 | H105: =IF(OR($G105="A",$G105="B",$G105="C",$G105="6x1",$G105="5x2",$G105="Folguista"),"Sim","Não") -> Sim | I105: =$A105&"|"&TEXT($E105,"yyyymmdd") -> 56256|yyyy1013
A106: 11415 | B106: Jaime Martins Da Silva | C106: =IFERROR(VLOOKUP($A106,Dados!$A:$C,3,FALSE()),"NÃO INFORMADO") -> LUB | D106: Férias | E106: 46237 | G106: Férias | H106: =IF(OR($G106="A",$G106="B",$G106="C",$G106="6x1",$G106="5x2",$G106="Folguista"),"Sim","Não") -> Não | I106: =$A106&"|"&TEXT($E106,"yyyymmdd") -> 11415|yyyy0803
A107: 11415 | B107: Jaime Martins Da Silva | C107: =IFERROR(VLOOKUP($A107,Dados!$A:$C,3,FALSE()),"NÃO INFORMADO") -> LUB | D107: 6x1 | E107: 46246 | G107: 6x1 | H107: =IF(OR($G107="A",$G107="B",$G107="C",$G107="6x1",$G107="5x2",$G107="Folguista"),"Sim","Não") -> Sim | I107: =$A107&"|"&TEXT($E107,"yyyymmdd") -> 11415|yyyy0812
... A114: 52397 | B114: Jefferson De Souza | C114: =IFERROR(VLOOKUP($A114,Dados!$A:$C,3,FALSE()),"NÃO INFORMADO") -> CAL | D114: 6x1 | E114: 46308 | G114: 6x1 | H114: =IF(OR($G114="A",$G114="B",$G114="C",$G114="6x1",$G114="5x2",$G114="Folguista"),"Sim","Não") -> Sim | I114: =$A114&"|"&TEXT($E114,"yyyymmdd") -> 52397|yyyy1013
A115: 55618 | B115: Jerson Santana De Souza | C115: =IFERROR(VLOOKUP($A115,Dados!$A:$C,3,FALSE()),"NÃO INFORMADO") -> MEC | D115: A | E115: 46265 | F115: 5 | G115: A | H115: =IF(OR($G115="A",$G115="B",$G115="C",$G115="6x1",$G115="5x2",$G115="Folguista"),"Sim","Não") -> Sim | I115: =$A115&"|"&TEXT($E115,"yyyymmdd") -> 55618|yyyy0831
A116: 55618 | B116: Jerson Santana De Souza | C116: =IFERROR(VLOOKUP($A116,Dados!$A:$C,3,FALSE()),"NÃO INFORMADO") -> MEC | D116: Férias | E116: 46314 | G116: Férias | H116: =IF(OR($G116="A",$G116="B",$G116="C",$G116="6x1",$G116="5x2",$G116="Folguista"),"Sim","Não") -> Não | I116: =$A116&"|"&TEXT($E116,"yyyymmdd") -> 55618|yyyy1019
A117: 11918 | B117: Jesuino Goncalves Pereira Neto | C117: =IFERROR(VLOOKUP($A117,Dados!$A:$C,3,FALSE()),"NÃO INFORMADO") -> PED | D117: 6x1 | E117: 46237 | G117: 6x1 | H117: =IF(OR($G117="A",$G117="B",$G117="C",$G117="6x1",$G117="5x2",$G117="Folguista"),"Sim","Não") -> Sim | I117: =$A117&"|"&TEXT($E117,"yyyymmdd") -> 11918|yyyy0803
A118: 11918 | B118: Jesuino Goncalves Pereira Neto | C118: =IFERROR(VLOOKUP($A118,Dados!$A:$C,3,FALSE()),"NÃO INFORMADO") -> PED | D118: A | E118: 46307 | G118: A | H118: =IF(OR($G118="A",$G118="B",$G118="C",$G118="6x1",$G118="5x2",$G118="Folguista"),"Sim","Não") -> Sim | I118: =$A118&"|"&TEXT($E118,"yyyymmdd") -> 11918|yyyy1012
A119: 11918 | B119: Jesuino Goncalves Pereira Neto | C119: =IFERROR(VLOOKUP($A119,Dados!$A:$C,3,FALSE()),"NÃO INFORMADO") -> PED | D119: 6x1 | E119: 46308 | G119: 6x1 | H119: =IF(OR($G119="A",$G119="B",$G119="C",$G119="6x1",$G119="5x2",$G119="Folguista"),"Sim","Não") -> Sim | I119: =$A119&"|"&TEXT($E119,"yyyymmdd") -> 11918|yyyy1013
A120: 53459 | B120: Joao Vitor Ferracioli Vieira | C120: =IFERROR(VLOOKUP($A120,Dados!$A:$C,3,FALSE()),"NÃO INFORMADO") -> MEC | D120: A | E120: 46237 | F120: 2 | G120: A | H120: =IF(OR($G120="A",$G120="B",$G120="C",$G120="6x1",$G120="5x2",$G120="Folguista"),"Sim","Não") -> Sim | I120: =$A120&"|"&TEXT($E120,"yyyymmdd") -> 53459|yyyy0803
A121: 53613 | B121: Jose Eliton Ramos | C121: =IFERROR(VLOOKUP($A121,Dados!$A:$C,3,FALSE()),"NÃO INFORMADO") -> CAL | D121: Férias | E121: 46237 | G121: Férias | H121: =IF(OR($G121="A",$G121="B",$G121="C",$G121="6x1",$G121="5x2",$G121="Folguista"),"Sim","Não") -> Não | I121: =$A121&"|"&TEXT($E121,"yyyymmdd") -> 53613|yyyy0803
...

Sheet Exceções
A1: EXCEÇÕES DO DIA · ABONOS, FOLGAS E AFASTAMENTOS PONTUAIS
A2: Uma linha por empregado E por dia. Use para dias isolados que não seguem a escala do Cadastro (folga por troca de escala, abono, atestado, treinamento). NÃO use para mudança de escala ou turno — isso é vigência e vai no Cadastro.
A4: Nº pessoal | B4: Empregado | C4: Data | D4: Tipo | E4: Motivo / observação | F4: Chave (auxiliar) | H4: Tipos aceitos
A5: 53346 | B5: =IF($A5="","",IFERROR(VLOOKUP($A5,Dados!$A:$B,2,FALSE),"Nº NÃO ENCONTRADO")) -> Francinildo da Silva | C5: 46266 | D5: Treinamento | E5: O funcionario estava em treinamento | F5: =IF(OR($A5="",$C5=""),"",$A5&"|"&$C5) -> 53346|46266 | H5: Folga
A6: 55628 | B6: =IF($A6="","",IFERROR(VLOOKUP($A6,Dados!$A:$B,2,FALSE),"Nº NÃO ENCONTRADO")) -> Marcelo Magnani dos Santos de Melo | C6: 46266 | D6: Treinamento | E6: O funcionario estava em treinamento | F6: =IF(OR($A6="",$C6=""),"",$A6&"|"&$C6) -> 55628|46266 | H6: Abono
A7: 11918 | B7: =IF($A7="","",IFERROR(VLOOKUP($A7,Dados!$A:$B,2,FALSE),"Nº NÃO ENCONTRADO")) -> Jesuino Goncalves Pereira Neto | C7: 46272 | D7: Falta | E7: Não veio no feriado | F7: =IF(OR($A7="",$C7=""),"",$A7&"|"&$C7) -> 11918|46272 | H7: Atestado
A8: 52484 | B8: =IF($A8="","",IFERROR(VLOOKUP($A8,Dados!$A:$B,2,FALSE),"Nº NÃO ENCONTRADO")) -> Jose Marcos de Oliveira | C8: 46272 | D8: Falta | E8: Não veio no feriado | F8: =IF(OR($A8="",$C8=""),"",$A8&"|"&$C8) -> 52484|46272 | H8: Treinamento
A9: 11415 | B9: =IF($A9="","",IFERROR(VLOOKUP($A9,Dados!$A:$B,2,FALSE),"Nº NÃO ENCONTRADO")) -> Jaime Martins da Silva | C9: 46273 | D9: Treinamento | E9: O funcionario estava em treinamento | F9: =IF(OR($A9="",$C9=""),"",$A9&"|"&$C9) -> 11415|46273 | H9: Falta
A10: 53346 | B10: =IF($A10="","",IFERROR(VLOOKUP($A10,Dados!$A:$B,2,FALSE),"Nº NÃO ENCONTRADO")) -> Francinildo da Silva | C10: 46274 | D10: Treinamento | E10: O funcionario estava em treinamento | F10: =IF(OR($A10="",$C10=""),"",$A10&"|"&$C10) -> 53346|46274
A11: 55628 | B11: =IF($A11="","",IFERROR(VLOOKUP($A11,Dados!$A:$B,2,FALSE),"Nº NÃO ENCONTRADO")) -> Marcelo Magnani dos Santos de Melo | C11: 46274 | D11: Treinamento | E11: O funcionario estava em treinamento | F11: =IF(OR($A11="",$C11=""),"",$A11&"|"&$C11) -> 55628|46274
A12: 55564 | B12: =IF($A12="","",IFERROR(VLOOKUP($A12,Dados!$A:$B,2,FALSE),"Nº NÃO ENCONTRADO")) -> Paulo Ricardo da Mota Oliveira | C12: 46275 | D12: Falta | E12: Dispensa para ir no INSS | F12: =IF(OR($A12="",$C12=""),"",$A12&"|"&$C12) -> 55564|46275
A13: 55554 | B13: =IF($A13="","",IFERROR(VLOOKUP($A13,Dados!$A:$B,2,FALSE),"Nº NÃO ENCONTRADO")) -> Paulo Henrique Santana | C13: 46275 | D13: Falta | E13: O funcionario foi ao medico | F13: =IF(OR($A13="",$C13=""),"",$A13&"|"&$C13) -> 55554|46275
A14: 12291 | B14: =IF($A14="","",IFERROR(VLOOKUP($A14,Dados!$A:$B,2,FALSE),"Nº NÃO ENCONTRADO")) -> Osmar Marin de Oliveira | C14: 46275 | D14: Treinamento | E14: O funcionario estava em treinamento | F14: =IF(OR($A14="",$C14=""),"",$A14&"|"&$C14) -> 12291|46275
A15: 55628 | B15: =IF($A15="","",IFERROR(VLOOKUP($A15,Dados!$A:$B,2,FALSE),"Nº NÃO ENCONTRADO")) -> Marcelo Magnani dos Santos de Melo | C15: 46276 | D15: Atestado | E15: O funcionario estava de atestado | F15: =IF(OR($A15="",$C15=""),"",$A15&"|"&$C15) -> 55628|46276
A16: 56784 | B16: =IF($A16="","",IFERROR(VLOOKUP($A16,Dados!$A:$B,2,FALSE),"Nº NÃO ENCONTRADO")) -> Danilo Elimar Campos | C16: 46278 | D16: Folga | E16: Folga de escala | F16: =IF(OR($A16="",$C16=""),"",$A16&"|"&$C16) -> 56784|46278
A17: 11352 | B17: =IF($A17="","",IFERROR(VLOOKUP($A17,Dados!$A:$B,2,FALSE),"Nº NÃO ENCONTRADO")) -> Aguinaldo Jose Gomes Rodrigues | C17: 46278 | D17: Folga | E17: Trocou dia para folga | F17: =IF(OR($A17="",$C17=""),"",$A17&"|"&$C17) -> 11352|46278
A18: 55618 | B18: =IF($A18="","",IFERROR(VLOOKUP($A18,Dados!$A:$B,2,FALSE),"Nº NÃO ENCONTRADO")) -> Jerson Santana de Souza | C18: 46279 | D18: Atestado | E18: O funcionario estava de atestado | F18: =IF(OR($A18="",$C18=""),"",$A18&"|"&$C18) -> 55618|46279
A19: 12291 | B19: =IF($A19="","",IFERROR(VLOOKUP($A19,Dados!$A:$B,2,FALSE),"Nº NÃO ENCONTRADO")) -> Osmar Marin de Oliveira | C19: 46281 | D19: Abono | E19: O funcionario ficou ajudando no munck | F19: =IF(OR($A19="",$C19=""),"",$A19&"|"&$C19) -> 12291|46281
A20: 54747 | B20: =IF($A20="","",IFERROR(VLOOKUP($A20,Dados!$A:$B,2,FALSE),"Nº NÃO ENCONTRADO")) -> Rafael Nicoluci Vieira | C20: 46282 | D20: Treinamento | E20: O funcionario estava em treinamento | F20: =IF(OR($A20="",$C20=""),"",$A20&"|"&$C20) -> 54747|46282
A21: 52351 | B21: =IF($A21="","",IFERROR(VLOOKUP($A21,Dados!$A:$B,2,FALSE),"Nº NÃO ENCONTRADO")) -> Antonio dos Anjos Gomes | C21: 46282 | D21: Treinamento | E21: O funcionario estava em treinamento | F21: =IF(OR($A21="",$C21=""),"",$A21&"|"&$C21) -> 52351|46282
... A89: 55564 | B89: =IF($A89="","",IFERROR(VLOOKUP($A89,Dados!$A:$B,2,FALSE),"Nº NÃO ENCONTRADO")) -> Paulo Ricardo da Mota Oliveira | C89: 46316 | D89: Atestado | E89: Atestado médico | F89: =IF(OR($A89="",$C89=""),"",$A89&"|"&$C89) -> 55564|46316
B90: =IF($A90="","",IFERROR(VLOOKUP($A90,Dados!$A:$B,2,FALSE),"Nº NÃO ENCONTRADO")) | F90: =IF(OR($A90="",$C90=""),"",$A90&"|"&$C90)
B91: =IF($A91="","",IFERROR(VLOOKUP($A91,Dados!$A:$B,2,FALSE),"Nº NÃO ENCONTRADO")) | F91: =IF(OR($A91="",$C91=""),"",$A91&"|"&$C91)
B92: =IF($A92="","",IFERROR(VLOOKUP($A92,Dados!$A:$B,2,FALSE),"Nº NÃO ENCONTRADO")) | F92: =IF(OR($A92="",$C92=""),"",$A92&"|"&$C92)
B93: =IF($A93="","",IFERROR(VLOOKUP($A93,Dados!$A:$B,2,FALSE),"Nº NÃO ENCONTRADO")) | F93: =IF(OR($A93="",$C93=""),"",$A93&"|"&$C93)
B94: =IF($A94="","",IFERROR(VLOOKUP($A94,Dados!$A:$B,2,FALSE),"Nº NÃO ENCONTRADO")) | F94: =IF(OR($A94="",$C94=""),"",$A94&"|"&$C94)
B95: =IF($A95="","",IFERROR(VLOOKUP($A95,Dados!$A:$B,2,FALSE),"Nº NÃO ENCONTRADO")) | F95: =IF(OR($A95="",$C95=""),"",$A95&"|"&$C95)
B96: =IF($A96="","",IFERROR(VLOOKUP($A96,Dados!$A:$B,2,FALSE),"Nº NÃO ENCONTRADO")) | F96: =IF(OR($A96="",$C96=""),"",$A96&"|"&$C96)
B97: =IF($A97="","",IFERROR(VLOOKUP($A97,Dados!$A:$B,2,FALSE),"Nº NÃO ENCONTRADO")) | F97: =IF(OR($A97="",$C97=""),"",$A97&"|"&$C97)
B98: =IF($A98="","",IFERROR(VLOOKUP($A98,Dados!$A:$B,2,FALSE),"Nº NÃO ENCONTRADO")) | F98: =IF(OR($A98="",$C98=""),"",$A98&"|"&$C98)
B99: =IF($A99="","",IFERROR(VLOOKUP($A99,Dados!$A:$B,2,FALSE),"Nº NÃO ENCONTRADO")) | F99: =IF(OR($A99="",$C99=""),"",$A99&"|"&$C99)
B100: =IF($A100="","",IFERROR(VLOOKUP($A100,Dados!$A:$B,2,FALSE),"Nº NÃO ENCONTRADO")) | F100: =IF(OR($A100="",$C100=""),"",$A100&"|"&$C100)
B101: =IF($A101="","",IFERROR(VLOOKUP($A101,Dados!$A:$B,2,FALSE),"Nº NÃO ENCONTRADO")) | F101: =IF(OR($A101="",$C101=""),"",$A101&"|"&$C101)
... B208: =IF($A208="","",IFERROR(VLOOKUP($A208,Dados!$A:$B,2,FALSE),"Nº NÃO ENCONTRADO")) | F208: =IF(OR($A208="",$C208=""),"",$A208&"|"&$C208)
F209: =IF(OR($A209="",$C209=""),"",$A209&"|"&$C209)
F210: =IF(OR($A210="",$C210=""),"",$A210&"|"&$C210)
F211: =IF(OR($A211="",$C211=""),"",$A211&"|"&$C211)

Sheet Dados
A1: Nº pessoal | B1: Empregado | C1: Loc.inst.(real) | D1: Data lçto. | E1: Trabalho real | F1: UnidTrabReal | G1: Dt.início execução | H1: Ordem | I1: Operação | J1: Hora início execução | K1: Hora fim execução | L1: Data do fim execução | M1: Tipo ordem | N1: Equipamento | O1: Criado por | P1: Criado em | Q1: Início (min) | R1: Fim (min) | S1: Data do turno
A2: 9218 | B2: Adriano Donizete Bento da Silva | C2: INS | D2: 46309 | E2: 4.78 | F2: H | G2: 46309 | H2: 40525714 | I2: 10 | J2: 07:14:24 | K2: 12:01:04 | L2: 46309 | M2: LICO | O2: SIGGAINT | P2: 46309 | Q2: =IFERROR(VALUE(LEFT($J2,2))*60+VALUE(MID($J2,4,2)),9999) -> 434 | R2: =IFERROR(VALUE(LEFT($K2,2))*60+VALUE(MID($K2,4,2)),"") -> 721 | S2: =IF($Q2<Parâmetros!$E$19,$G2-1,$G2) -> 46309
A3: 9218 | B3: Adriano Donizete Bento da Silva | C3: INS | D3: 46309 | E3: 1.51 | F3: H | G3: 46309 | H3: 40524093 | I3: 10 | J3: 13:04:10 | K3: 14:34:42 | L3: 46309 | M3: LICO | N3: 3007376 | O3: SIGGAINT | P3: 46309 | Q3: =IFERROR(VALUE(LEFT($J3,2))*60+VALUE(MID($J3,4,2)),9999) -> 784 | R3: =IFERROR(VALUE(LEFT($K3,2))*60+VALUE(MID($K3,4,2)),"") -> 874 | S3: =IF($Q3<Parâmetros!$E$19,$G3-1,$G3) -> 46309
A4: 9218 | B4: Adriano Donizete Bento da Silva | C4: INS | D4: 46309 | E4: 0.97 | F4: H | G4: 46309 | H4: 40523288 | I4: 10 | J4: 14:39:32 | K4: 15:37:29 | L4: 46309 | M4: LIPV | O4: SIGGAINT | P4: 46309 | Q4: =IFERROR(VALUE(LEFT($J4,2))*60+VALUE(MID($J4,4,2)),9999) -> 879 | R4: =IFERROR(VALUE(LEFT($K4,2))*60+VALUE(MID($K4,4,2)),"") -> 937 | S4: =IF($Q4<Parâmetros!$E$19,$G4-1,$G4) -> 46309
A5: 9218 | B5: Adriano Donizete Bento da Silva | C5: INS | D5: 46309 | E5: 1 | F5: H | G5: 46309 | H5: 40523287 | I5: 10 | J5: 15:38:42 | K5: 16:38:40 | L5: 46309 | M5: LIPV | O5: SIGGAINT | P5: 46309 | Q5: =IFERROR(VALUE(LEFT($J5,2))*60+VALUE(MID($J5,4,2)),9999) -> 938 | R5: =IFERROR(VALUE(LEFT($K5,2))*60+VALUE(MID($K5,4,2)),"") -> 998 | S5: =IF($Q5<Parâmetros!$E$19,$G5-1,$G5) -> 46309
A6: 9218 | B6: Adriano Donizete Bento da Silva | C6: INS | D6: 46310 | E6: 0.86 | F6: H | G6: 46310 | H6: 40523284 | I6: 10 | J6: 07:06:48 | K6: 07:58:29 | L6: 46310 | M6: LIPV | O6: SIGGAINT | P6: 46310 | Q6: =IFERROR(VALUE(LEFT($J6,2))*60+VALUE(MID($J6,4,2)),9999) -> 426 | R6: =IFERROR(VALUE(LEFT($K6,2))*60+VALUE(MID($K6,4,2)),"") -> 478 | S6: =IF($Q6<Parâmetros!$E$19,$G6-1,$G6) -> 46310
A7: 9218 | B7: Adriano Donizete Bento da Silva | C7: INS | D7: 46310 | E7: 0.98 | F7: H | G7: 46310 | H7: 40523285 | I7: 10 | J7: 08:00:05 | K7: 08:59:10 | L7: 46310 | M7: LIPV | O7: SIGGAINT | P7: 46310 | Q7: =IFERROR(VALUE(LEFT($J7,2))*60+VALUE(MID($J7,4,2)),9999) -> 480 | R7: =IFERROR(VALUE(LEFT($K7,2))*60+VALUE(MID($K7,4,2)),"") -> 539 | S7: =IF($Q7<Parâmetros!$E$19,$G7-1,$G7) -> 46310
A8: 9218 | B8: Adriano Donizete Bento da Silva | C8: INS | D8: 46310 | E8: 0.68 | F8: H | G8: 46310 | H8: 40523286 | I8: 10 | J8: 09:02:47 | K8: 09:43:28 | L8: 46310 | M8: LIPV | O8: SIGGAINT | P8: 46310 | Q8: =IFERROR(VALUE(LEFT($J8,2))*60+VALUE(MID($J8,4,2)),9999) -> 542 | R8: =IFERROR(VALUE(LEFT($K8,2))*60+VALUE(MID($K8,4,2)),"") -> 583 | S8: =IF($Q8<Parâmetros!$E$19,$G8-1,$G8) -> 46310
A9: 9218 | B9: Adriano Donizete Bento da Silva | C9: INS | D9: 46310 | E9: 0.25 | F9: H | G9: 46310 | H9: 40524093 | I9: 10 | J9: 09:45:09 | K9: 10:00:07 | L9: 46310 | M9: LICO | N9: 3007376 | O9: SIGGAINT | P9: 46310 | Q9: =IFERROR(VALUE(LEFT($J9,2))*60+VALUE(MID($J9,4,2)),9999) -> 585 | R9: =IFERROR(VALUE(LEFT($K9,2))*60+VALUE(MID($K9,4,2)),"") -> 600 | S9: =IF($Q9<Parâmetros!$E$19,$G9-1,$G9) -> 46310
A10: 9218 | B10: Adriano Donizete Bento da Silva | C10: INS | D10: 46310 | E10: 2.11 | F10: H | G10: 46310 | H10: 40525708 | I10: 10 | J10: 10:00:26 | K10: 12:07:14 | L10: 46310 | M10: LICO | O10: SIGGAINT | P10: 46310 | Q10: =IFERROR(VALUE(LEFT($J10,2))*60+VALUE(MID($J10,4,2)),9999) -> 600 | R10: =IFERROR(VALUE(LEFT($K10,2))*60+VALUE(MID($K10,4,2)),"") -> 727 | S10: =IF($Q10<Parâmetros!$E$19,$G10-1,$G10) -> 46310
A11: 9218 | B11: Adriano Donizete Bento da Silva | C11: INS | D11: 46310 | E11: 3.29 | F11: H | G11: 46310 | H11: 40524093 | I11: 10 | J11: 13:01:54 | K11: 16:19:32 | L11: 46310 | M11: LICO | N11: 3007376 | O11: SIGGAINT | P11: 46310 | Q11: =IFERROR(VALUE(LEFT($J11,2))*60+VALUE(MID($J11,4,2)),9999) -> 781 | R11: =IFERROR(VALUE(LEFT($K11,2))*60+VALUE(MID($K11,4,2)),"") -> 979 | S11: =IF($Q11<Parâmetros!$E$19,$G11-1,$G11) -> 46310
A12: 9218 | B12: Adriano Donizete Bento da Silva | C12: INS | D12: 46310 | E12: -3.29 | F12: H | G12: 46310 | H12: 40524093 | I12: 10 | J12: 13:01:54 | K12: 16:19:32 | L12: 46310 | M12: LICO | N12: 3007376 | O12: GF57085 | P12: 46311 | Q12: =IFERROR(VALUE(LEFT($J12,2))*60+VALUE(MID($J12,4,2)),9999) -> 781 | R12: =IFERROR(VALUE(LEFT($K12,2))*60+VALUE(MID($K12,4,2)),"") -> 979 | S12: =IF($Q12<Parâmetros!$E$19,$G12-1,$G12) -> 46310
A13: 9218 | B13: Adriano Donizete Bento da Silva | C13: INS | D13: 46310 | E13: 3.2 | F13: H | G13: 46310 | H13: 40526417 | I13: 10 | J13: 13:06:21 | K13: 16:18:30 | L13: 46310 | M13: LICO | O13: SIGGAINT | P13: 46310 | Q13: =IFERROR(VALUE(LEFT($J13,2))*60+VALUE(MID($J13,4,2)),9999) -> 786 | R13: =IFERROR(VALUE(LEFT($K13,2))*60+VALUE(MID($K13,4,2)),"") -> 978 | S13: =IF($Q13<Parâmetros!$E$19,$G13-1,$G13) -> 46310
A14: 9218 | B14: Adriano Donizete Bento da Silva | C14: INS | D14: 46311 | E14: 1.16 | F14: H | G14: 46311 | H14: 40524550 | I14: 10 | J14: 07:04:03 | K14: 08:13:38 | L14: 46311 | M14: LICO | O14: SIGGAINT | P14: 46311 | Q14: =IFERROR(VALUE(LEFT($J14,2))*60+VALUE(MID($J14,4,2)),9999) -> 424 | R14: =IFERROR(VALUE(LEFT($K14,2))*60+VALUE(MID($K14,4,2)),"") -> 493 | S14: =IF($Q14<Parâmetros!$E$19,$G14-1,$G14) -> 46311
A15: 9218 | B15: Adriano Donizete Bento da Silva | C15: INS | D15: 46311 | E15: 0.51 | F15: H | G15: 46311 | H15: 40526684 | I15: 10 | J15: 08:15:13 | K15: 08:45:49 | L15: 46311 | M15: LICO | N15: 3007196 | O15: SIGGAINT | P15: 46311 | Q15: =IFERROR(VALUE(LEFT($J15,2))*60+VALUE(MID($J15,4,2)),9999) -> 495 | R15: =IFERROR(VALUE(LEFT($K15,2))*60+VALUE(MID($K15,4,2)),"") -> 525 | S15: =IF($Q15<Parâmetros!$E$19,$G15-1,$G15) -> 46311
A16: 9218 | B16: Adriano Donizete Bento da Silva | C16: INS | D16: 46311 | E16: 1.71 | F16: H | G16: 46311 | H16: 40526686 | I16: 10 | J16: 08:47:13 | K16: 10:30:00 | L16: 46311 | M16: LICO | O16: SIGGAINT | P16: 46311 | Q16: =IFERROR(VALUE(LEFT($J16,2))*60+VALUE(MID($J16,4,2)),9999) -> 527 | R16: =IFERROR(VALUE(LEFT($K16,2))*60+VALUE(MID($K16,4,2)),"") -> 630 | S16: =IF($Q16<Parâmetros!$E$19,$G16-1,$G16) -> 46311
A17: 9218 | B17: Adriano Donizete Bento da Silva | C17: INS | D17: 46311 | E17: 0.3 | F17: H | G17: 46311 | H17: 40526689 | I17: 10 | J17: 10:31:13 | K17: 10:49:04 | L17: 46311 | M17: LICO | O17: SIGGAINT | P17: 46311 | Q17: =IFERROR(VALUE(LEFT($J17,2))*60+VALUE(MID($J17,4,2)),9999) -> 631 | R17: =IFERROR(VALUE(LEFT($K17,2))*60+VALUE(MID($K17,4,2)),"") -> 649 | S17: =IF($Q17<Parâmetros!$E$19,$G17-1,$G17) -> 46311
A18: 9218 | B18: Adriano Donizete Bento da Silva | C18: INS | D18: 46311 | E18: 0.22 | F18: H | G18: 46311 | H18: 40526691 | I18: 10 | J18: 10:50:19 | K18: 11:03:26 | L18: 46311 | M18: LICO | O18: SIGGAINT | P18: 46311 | Q18: =IFERROR(VALUE(LEFT($J18,2))*60+VALUE(MID($J18,4,2)),9999) -> 650 | R18: =IFERROR(VALUE(LEFT($K18,2))*60+VALUE(MID($K18,4,2)),"") -> 663 | S18: =IF($Q18<Parâmetros!$E$19,$G18-1,$G18) -> 46311
A19: 9218 | B19: Adriano Donizete Bento da Silva | C19: INS | D19: 46311 | E19: 0.68 | F19: H | G19: 46311 | H19: 40526417 | I19: 10 | J19: 11:19:34 | K19: 12:00:14 | L19: 46311 | M19: LICO | O19: SIGGAINT | P19: 46311 | Q19: =IFERROR(VALUE(LEFT($J19,2))*60+VALUE(MID($J19,4,2)),9999) -> 679 | R19: =IFERROR(VALUE(LEFT($K19,2))*60+VALUE(MID($K19,4,2)),"") -> 720 | S19: =IF($Q19<Parâmetros!$E$19,$G19-1,$G19) -> 46311
A20: 9218 | B20: Adriano Donizete Bento da Silva | C20: INS | D20: 46312 | E20: 2.37 | F20: H | G20: 46311 | H20: 40526684 | I20: 10 | J20: 13:05:20 | K20: 15:27:31 | L20: 46311 | M20: LICO | N20: 3007196 | O20: SIGGAINT | P20: 46312 | Q20: =IFERROR(VALUE(LEFT($J20,2))*60+VALUE(MID($J20,4,2)),9999) -> 785 | R20: =IFERROR(VALUE(LEFT($K20,2))*60+VALUE(MID($K20,4,2)),"") -> 927 | S20: =IF($Q20<Parâmetros!$E$19,$G20-1,$G20) -> 46311
A21: 9218 | B21: Adriano Donizete Bento da Silva | C21: INS | D21: 46312 | E21: 18.05 | F21: H | G21: 46311 | H21: 40526684 | I21: 10 | J21: 13:07:00 | K21: 07:10:00 | L21: 46312 | M21: LICO | N21: 3007196 | O21: SIGGAINT | P21: 46312 | Q21: =IFERROR(VALUE(LEFT($J21,2))*60+VALUE(MID($J21,4,2)),9999) -> 787 | R21: =IFERROR(VALUE(LEFT($K21,2))*60+VALUE(MID($K21,4,2)),"") -> 430 | S21: =IF($Q21<Parâmetros!$E$19,$G21-1,$G21) -> 46311
A22: 9218 | B22: Adriano Donizete Bento da Silva | C22: INS | D22: 46312 | E22: -18.05 | F22: H | G22: 46311 | H22: 40526684 | I22: 10 | J22: 13:07:00 | K22: 07:10:00 | L22: 46312 | M22: LICO | N22: 3007196 | O22: SIGGAINT | P22: 46312 | Q22: =IFERROR(VALUE(LEFT($J22,2))*60+VALUE(MID($J22,4,2)),9999) -> 787 | R22: =IFERROR(VALUE(LEFT($K22,2))*60+VALUE(MID($K22,4,2)),"") -> 430 | S22: =IF($Q22<Parâmetros!$E$19,$G22-1,$G22) -> 46311
A23: 9218 | B23: Adriano Donizete Bento da Silva | C23: INS | D23: 46312 | E23: 0.75 | F23: H | G23: 46312 | H23: 40523292 | I23: 10 | J23: 07:17:30 | K23: 08:02:42 | L23: 46312 | M23: LIPV | O23: SIGGAINT | P23: 46312 | Q23: =IFERROR(VALUE(LEFT($J23,2))*60+VALUE(MID($J23,4,2)),9999) -> 437 | R23: =IFERROR(VALUE(LEFT($K23,2))*60+VALUE(MID($K23,4,2)),"") -> 482 | S23: =IF($Q23<Parâmetros!$E$19,$G23-1,$G23) -> 46312
A24: 9218 | B24: Adriano Donizete Bento da Silva | C24: INS | D24: 46312 | E24: 4.15 | F24: H | G24: 46312 | H24: 40527104 | I24: 10 | J24: 08:05:34 | K24: 12:14:23 | L24: 46312 | M24: LICO | O24: SIGGAINT | P24: 46312 | Q24: =IFERROR(VALUE(LEFT($J24,2))*60+VALUE(MID($J24,4,2)),9999) -> 485 | R24: =IFERROR(VALUE(LEFT($K24,2))*60+VALUE(MID($K24,4,2)),"") -> 734 | S24: =IF($Q24<Parâmetros!$E$19,$G24-1,$G24) -> 46312
A25: 9218 | B25: Adriano Donizete Bento da Silva | C25: INS | D25: 46314 | E25: 2.05 | F25: H | G25: 46312 | H25: 40527117 | I25: 10 | J25: 13:19:20 | K25: 15:22:11 | L25: 46312 | M25: LICO | N25: 3002696 | O25: SIGGAINT | P25: 46314 | Q25: =IFERROR(VALUE(LEFT($J25,2))*60+VALUE(MID($J25,4,2)),9999) -> 799 | R25: =IFERROR(VALUE(LEFT($K25,2))*60+VALUE(MID($K25,4,2)),"") -> 922 | S25: =IF($Q25<Parâmetros!$E$19,$G25-1,$G25) -> 46312
A26: 9218 | B26: Adriano Donizete Bento da Silva | C26: INS | D26: 46314 | E26: 0.55 | F26: H | G26: 46314 | H26: 40527666 | I26: 10 | J26: 07:10:36 | K26: 07:43:46 | L26: 46314 | M26: LICO | N26: 3004222 | O26: SIGGAINT | P26: 46314 | Q26: =IFERROR(VALUE(LEFT($J26,2))*60+VALUE(MID($J26,4,2)),9999) -> 430 | R26: =IFERROR(VALUE(LEFT($K26,2))*60+VALUE(MID($K26,4,2)),"") -> 463 | S26: =IF($Q26<Parâmetros!$E$19,$G26-1,$G26) -> 46314
A27: 9218 | B27: Adriano Donizete Bento da Silva | C27: INS | D27: 46314 | E27: 0.82 | F27: H | G27: 46314 | H27: 40527666 | I27: 10 | J27: 07:48:29 | K27: 08:37:41 | L27: 46314 | M27: LICO | N27: 3004222 | O27: SIGGAINT | P27: 46314 | Q27: =IFERROR(VALUE(LEFT($J27,2))*60+VALUE(MID($J27,4,2)),9999) -> 468 | R27: =IFERROR(VALUE(LEFT($K27,2))*60+VALUE(MID($K27,4,2)),"") -> 517 | S27: =IF($Q27<Parâmetros!$E$19,$G27-1,$G27) -> 46314
A28: 9218 | B28: Adriano Donizete Bento da Silva | C28: INS | D28: 46314 | E28: 3.37 | F28: H | G28: 46314 | H28: 40527667 | I28: 10 | J28: 08:38:08 | K28: 12:00:27 | L28: 46314 | M28: LICO | O28: SIGGAINT | P28: 46314 | Q28: =IFERROR(VALUE(LEFT($J28,2))*60+VALUE(MID($J28,4,2)),9999) -> 518 | R28: =IFERROR(VALUE(LEFT($K28,2))*60+VALUE(MID($K28,4,2)),"") -> 720 | S28: =IF($Q28<Parâmetros!$E$19,$G28-1,$G28) -> 46314
A29: 9218 | B29: Adriano Donizete Bento da Silva | C29: INS | D29: 46314 | E29: 0.4 | F29: H | G29: 46314 | H29: 40525991 | I29: 10 | J29: 13:04:51 | K29: 13:28:44 | L29: 46314 | M29: LIPV | N29: 3004490 | O29: SIGGAINT | P29: 46314 | Q29: =IFERROR(VALUE(LEFT($J29,2))*60+VALUE(MID($J29,4,2)),9999) -> 784 | R29: =IFERROR(VALUE(LEFT($K29,2))*60+VALUE(MID($K29,4,2)),"") -> 808 | S29: =IF($Q29<Parâmetros!$E$19,$G29-1,$G29) -> 46314
A30: 9218 | B30: Adriano Donizete Bento da Silva | C30: INS | D30: 46314 | E30: 0.56 | F30: H | G30: 46314 | H30: 40525991 | I30: 10 | J30: 13:35:21 | K30: 14:08:50 | L30: 46314 | M30: LIPV | N30: 3004490 | O30: SIGGAINT | P30: 46314 | Q30: =IFERROR(VALUE(LEFT($J30,2))*60+VALUE(MID($J30,4,2)),9999) -> 815 | R30: =IFERROR(VALUE(LEFT($K30,2))*60+VALUE(MID($K30,4,2)),"") -> 848 | S30: =IF($Q30<Parâmetros!$E$19,$G30-1,$G30) -> 46314
A31: 9218 | B31: Adriano Donizete Bento da Silva | C31: INS | D31: 46314 | E31: 0.47 | F31: H | G31: 46314 | H31: 40525990 | I31: 10 | J31: 14:09:17 | K31: 14:37:40 | L31: 46314 | M31: LIPV | N31: 3006716 | O31: SIGGAINT | P31: 46314 | Q31: =IFERROR(VALUE(LEFT($J31,2))*60+VALUE(MID($J31,4,2)),9999) -> 849 | R31: =IFERROR(VALUE(LEFT($K31,2))*60+VALUE(MID($K31,4,2)),"") -> 877 | S31: =IF($Q31<Parâmetros!$E$19,$G31-1,$G31) -> 46314
A32: 9218 | B32: Adriano Donizete Bento da Silva | C32: INS | D32: 46314 | E32: 0.51 | F32: H | G32: 46314 | H32: 40525992 | I32: 10 | J32: 14:38:05 | K32: 15:08:49 | L32: 46314 | M32: LIPV | N32: 3010797 | O32: SIGGAINT | P32: 46314 | Q32: =IFERROR(VALUE(LEFT($J32,2))*60+VALUE(MID($J32,4,2)),9999) -> 878 | R32: =IFERROR(VALUE(LEFT($K32,2))*60+VALUE(MID($K32,4,2)),"") -> 908 | S32: =IF($Q32<Parâmetros!$E$19,$G32-1,$G32) -> 46314
A33: 9218 | B33: Adriano Donizete Bento da Silva | C33: INS | D33: 46314 | E33: 0.45 | F33: H | G33: 46314 | H33: 40525993 | I33: 10 | J33: 15:10:19 | K33: 15:37:03 | L33: 46314 | M33: LIPV | N33: 3004491 | O33: SIGGAINT | P33: 46314 | Q33: =IFERROR(VALUE(LEFT($J33,2))*60+VALUE(MID($J33,4,2)),9999) -> 910 | R33: =IFERROR(VALUE(LEFT($K33,2))*60+VALUE(MID($K33,4,2)),"") -> 937 | S33: =IF($Q33<Parâmetros!$E$19,$G33-1,$G33) -> 46314
A34: 9218 | B34: Adriano Donizete Bento da Silva | C34: INS | D34: 46314 | E34: 0.89 | F34: H | G34: 46314 | H34: 40525994 | I34: 10 | J34: 15:37:29 | K34: 16:30:51 | L34: 46314 | M34: LIPV | N34: 3004492 | O34: SIGGAINT | P34: 46314 | Q34: =IFERROR(VALUE(LEFT($J34,2))*60+VALUE(MID($J34,4,2)),9999) -> 937 | R34: =IFERROR(VALUE(LEFT($K34,2))*60+VALUE(MID($K34,4,2)),"") -> 990 | S34: =IF($Q34<Parâmetros!$E$19,$G34-1,$G34) -> 46314
A35: 9218 | B35: Adriano Donizete Bento da Silva | C35: INS | D35: 46316 | E35: 0.73 | F35: H | G35: 46316 | H35: 40525995 | I35: 10 | J35: 07:12:05 | K35: 07:55:54 | L35: 46316 | M35: LIPV | N35: 3007941 | O35: SIGGAINT | P35: 46316 | Q35: =IFERROR(VALUE(LEFT($J35,2))*60+VALUE(MID($J35,4,2)),9999) -> 432 | R35: =IFERROR(VALUE(LEFT($K35,2))*60+VALUE(MID($K35,4,2)),"") -> 475 | S35: =IF($Q35<Parâmetros!$E$19,$G35-1,$G35) -> 46316
A36: 9218 | B36: Adriano Donizete Bento da Silva | C36: INS | D36: 46316 | E36: 0.81 | F36: H | G36: 46316 | H36: 40525996 | I36: 10 | J36: 07:56:20 | K36: 08:45:12 | L36: 46316 | M36: LIPV | N36: 3007940 | O36: SIGGAINT | P36: 46316 | Q36: =IFERROR(VALUE(LEFT($J36,2))*60+VALUE(MID($J36,4,2)),9999) -> 476 | R36: =IFERROR(VALUE(LEFT($K36,2))*60+VALUE(MID($K36,4,2)),"") -> 525 | S36: =IF($Q36<Parâmetros!$E$19,$G36-1,$G36) -> 46316
A37: 9218 | B37: Adriano Donizete Bento da Silva | C37: INS | D37: 46316 | E37: 1.96 | F37: H | G37: 46316 | H37: 40527112 | I37: 10 | J37: 08:45:44 | K37: 10:43:12 | L37: 46316 | M37: LICO | O37: SIGGAINT | P37: 46316 | Q37: =IFERROR(VALUE(LEFT($J37,2))*60+VALUE(MID($J37,4,2)),9999) -> 525 | R37: =IFERROR(VALUE(LEFT($K37,2))*60+VALUE(MID($K37,4,2)),"") -> 643 | S37: =IF($Q37<Parâmetros!$E$19,$G37-1,$G37) -> 46316
A38: 9218 | B38: Adriano Donizete Bento da Silva | C38: INS | D38: 46316 | E38: 1.26 | F38: H | G38: 46316 | H38: 40528179 | I38: 10 | J38: 10:48:12 | K38: 12:04:06 | L38: 46316 | M38: LICO | N38: 3008029 | O38: SIGGAINT | P38: 46316 | Q38: =IFERROR(VALUE(LEFT($J38,2))*60+VALUE(MID($J38,4,2)),9999) -> 648 | R38: =IFERROR(VALUE(LEFT($K38,2))*60+VALUE(MID($K38,4,2)),"") -> 724 | S38: =IF($Q38<Parâmetros!$E$19,$G38-1,$G38) -> 46316
A39: 9218 | B39: Adriano Donizete Bento da Silva | C39: INS | D39: 46316 | E39: 1.65 | F39: H | G39: 46316 | H39: 40526401 | I39: 20 | J39: 13:06:55 | K39: 14:46:03 | L39: 46316 | M39: LICO | O39: SIGGAINT | P39: 46316 | Q39: =IFERROR(VALUE(LEFT($J39,2))*60+VALUE(MID($J39,4,2)),9999) -> 786 | R39: =IFERROR(VALUE(LEFT($K39,2))*60+VALUE(MID($K39,4,2)),"") -> 886 | S39: =IF($Q39<Parâmetros!$E$19,$G39-1,$G39) -> 46316
A40: 9218 | B40: Adriano Donizete Bento da Silva | C40: INS | D40: 46316 | E40: 0.73 | F40: H | G40: 46316 | H40: 40528189 | I40: 10 | J40: 14:52:16 | K40: 15:36:03 | L40: 46316 | M40: LICO | O40: SIGGAINT | P40: 46316 | Q40: =IFERROR(VALUE(LEFT($J40,2))*60+VALUE(MID($J40,4,2)),9999) -> 892 | R40: =IFERROR(VALUE(LEFT($K40,2))*60+VALUE(MID($K40,4,2)),"") -> 936 | S40: =IF($Q40<Parâmetros!$E$19,$G40-1,$G40) -> 46316
A41: 9218 | B41: Adriano Donizete Bento da Silva | C41: INS | D41: 46317 | E41: 0.49 | F41: H | G41: 46317 | H41: 40526401 | I41: 20 | J41: 07:09:07 | K41: 07:38:31 | L41: 46317 | M41: LICO | O41: SIGGAINT | P41: 46317 | Q41: =IFERROR(VALUE(LEFT($J41,2))*60+VALUE(MID($J41,4,2)),9999) -> 429 | R41: =IFERROR(VALUE(LEFT($K41,2))*60+VALUE(MID($K41,4,2)),"") -> 458 | S41: =IF($Q41<Parâmetros!$E$19,$G41-1,$G41) -> 46317
A42: 9218 | B42: Adriano Donizete Bento da Silva | C42: INS | D42: 46317 | E42: 1.25 | F42: H | G42: 46317 | H42: 40528453 | I42: 10 | J42: 07:38:40 | K42: 08:53:57 | L42: 46317 | M42: LICO | N42: 3011343 | O42: SIGGAINT | P42: 46317 | Q42: =IFERROR(VALUE(LEFT($J42,2))*60+VALUE(MID($J42,4,2)),9999) -> 458 | R42: =IFERROR(VALUE(LEFT($K42,2))*60+VALUE(MID($K42,4,2)),"") -> 533 | S42: =IF($Q42<Parâmetros!$E$19,$G42-1,$G42) -> 46317
A43: 9218 | B43: Adriano Donizete Bento da Silva | C43: INS | D43: 46317 | E43: 2.12 | F43: H | G43: 46317 | H43: 40528459 | I43: 10 | J43: 08:56:50 | K43: 11:04:04 | L43: 46317 | M43: LICO | O43: SIGGAINT | P43: 46317 | Q43: =IFERROR(VALUE(LEFT($J43,2))*60+VALUE(MID($J43,4,2)),9999) -> 536 | R43: =IFERROR(VALUE(LEFT($K43,2))*60+VALUE(MID($K43,4,2)),"") -> 664 | S43: =IF($Q43<Parâmetros!$E$19,$G43-1,$G43) -> 46317
A44: 9218 | B44: Adriano Donizete Bento da Silva | C44: INS | D44: 46317 | E44: 0.79 | F44: H | G44: 46317 | H44: 40527666 | I44: 10 | J44: 11:04:39 | K44: 11:51:51 | L44: 46317 | M44: LICO | N44: 3004222 | O44: SIGGAINT | P44: 46317 | Q44: =IFERROR(VALUE(LEFT($J44,2))*60+VALUE(MID($J44,4,2)),9999) -> 664 | R44: =IFERROR(VALUE(LEFT($K44,2))*60+VALUE(MID($K44,4,2)),"") -> 711 | S44: =IF($Q44<Parâmetros!$E$19,$G44-1,$G44) -> 46317
A45: 9218 | B45: Adriano Donizete Bento da Silva | C45: INS | D45: 46317 | E45: 0.94 | F45: H | G45: 46317 | H45: 40526401 | I45: 20 | J45: 13:08:13 | K45: 14:04:49 | L45: 46317 | M45: LICO | O45: SIGGAINT | P45: 46317 | Q45: =IFERROR(VALUE(LEFT($J45,2))*60+VALUE(MID($J45,4,2)),9999) -> 788 | R45: =IFERROR(VALUE(LEFT($K45,2))*60+VALUE(MID($K45,4,2)),"") -> 844 | S45: =IF($Q45<Parâmetros!$E$19,$G45-1,$G45) -> 46317
A46: 9218 | B46: Adriano Donizete Bento da Silva | C46: INS | D46: 46317 | E46: 1.53 | F46: H | G46: 46317 | H46: 40527112 | I46: 10 | J46: 14:05:03 | K46: 15:36:42 | L46: 46317 | M46: LICO | O46: SIGGAINT | P46: 46317 | Q46: =IFERROR(VALUE(LEFT($J46,2))*60+VALUE(MID($J46,4,2)),9999) -> 845 | R46: =IFERROR(VALUE(LEFT($K46,2))*60+VALUE(MID($K46,4,2)),"") -> 936 | S46: =IF($Q46<Parâmetros!$E$19,$G46-1,$G46) -> 46317
A47: 9218 | B47: Adriano Donizete Bento da Silva | C47: INS | D47: 46318 | E47: 0.39 | F47: H | G47: 46318 | H47: 40526401 | I47: 20 | J47: 07:06:59 | K47: 07:30:10 | L47: 46318 | M47: LICO | O47: SIGGAINT | P47: 46318 | Q47: =IFERROR(VALUE(LEFT($J47,2))*60+VALUE(MID($J47,4,2)),9999) -> 426 | R47: =IFERROR(VALUE(LEFT($K47,2))*60+VALUE(MID($K47,4,2)),"") -> 450 | S47: =IF($Q47<Parâmetros!$E$19,$G47-1,$G47) -> 46318
A48: 9218 | B48: Adriano Donizete Bento da Silva | C48: INS | D48: 46318 | E48: 0.8 | F48: H | G48: 46318 | H48: 40527112 | I48: 10 | J48: 07:58:29 | K48: 08:46:15 | L48: 46318 | M48: LICO | O48: SIGGAINT | P48: 46318 | Q48: =IFERROR(VALUE(LEFT($J48,2))*60+VALUE(MID($J48,4,2)),9999) -> 478 | R48: =IFERROR(VALUE(LEFT($K48,2))*60+VALUE(MID($K48,4,2)),"") -> 526 | S48: =IF($Q48<Parâmetros!$E$19,$G48-1,$G48) -> 46318
A49: 9218 | B49: Adriano Donizete Bento da Silva | C49: INS | D49: 46318 | E49: 0.91 | F49: H | G49: 46318 | H49: 40529287 | I49: 10 | J49: 08:46:57 | K49: 09:41:23 | L49: 46318 | M49: LICO | O49: SIGGAINT | P49: 46318 | Q49: =IFERROR(VALUE(LEFT($J49,2))*60+VALUE(MID($J49,4,2)),9999) -> 526 | R49: =IFERROR(VALUE(LEFT($K49,2))*60+VALUE(MID($K49,4,2)),"") -> 581 | S49: =IF($Q49<Parâmetros!$E$19,$G49-1,$G49) -> 46318
A50: 9218 | B50: Adriano Donizete Bento da Silva | C50: INS | D50: 46318 | E50: 0.88 | F50: H | G50: 46318 | H50: 40527112 | I50: 10 | J50: 09:44:53 | K50: 10:37:43 | L50: 46318 | M50: LICO | O50: SIGGAINT | P50: 46318 | Q50: =IFERROR(VALUE(LEFT($J50,2))*60+VALUE(MID($J50,4,2)),9999) -> 584 | R50: =IFERROR(VALUE(LEFT($K50,2))*60+VALUE(MID($K50,4,2)),"") -> 637 | S50: =IF($Q50<Parâmetros!$E$19,$G50-1,$G50) -> 46318
A51: 9218 | B51: Adriano Donizete Bento da Silva | C51: INS | D51: 46318 | E51: 1.43 | F51: H | G51: 46318 | H51: 40528459 | I51: 10 | J51: 10:37:55 | K51: 12:03:26 | L51: 46318 | M51: LICO | O51: SIGGAINT | P51: 46318 | Q51: =IFERROR(VALUE(LEFT($J51,2))*60+VALUE(MID($J51,4,2)),9999) -> 637 | R51: =IFERROR(VALUE(LEFT($K51,2))*60+VALUE(MID($K51,4,2)),"") -> 723 | S51: =IF($Q51<Parâmetros!$E$19,$G51-1,$G51) -> 46318
A52: 9218 | B52: Adriano Donizete Bento da Silva | C52: INS | D52: 46318 | E52: 0.65 | F52: H | G52: 46318 | H52: 40526003 | I52: 10 | J52: 12:56:30 | K52: 13:35:24 | L52: 46318 | M52: LIPV | O52: SIGGAINT | P52: 46318 | Q52: =IFERROR(VALUE(LEFT($J52,2))*60+VALUE(MID($J52,4,2)),9999) -> 776 | R52: =IFERROR(VALUE(LEFT($K52,2))*60+VALUE(MID($K52,4,2)),"") -> 815 | S52: =IF($Q52<Parâmetros!$E$19,$G52-1,$G52) -> 46318
A53: 9218 | B53: Adriano Donizete Bento da Silva | C53: INS | D53: 46318 | E53: 0.79 | F53: H | G53: 46318 | H53: 40526004 | I53: 10 | J53: 13:35:42 | K53: 14:23:07 | L53: 46318 | M53: LIPV | O53: SIGGAINT | P53: 46318 | Q53: =IFERROR(VALUE(LEFT($J53,2))*60+VALUE(MID($J53,4,2)),9999) -> 815 | R53: =IFERROR(VALUE(LEFT($K53,2))*60+VALUE(MID($K53,4,2)),"") -> 863 | S53: =IF($Q53<Parâmetros!$E$19,$G53-1,$G53) -> 46318
A54: 9218 | B54: Adriano Donizete Bento da Silva | C54: INS | D54: 46318 | E54: 0.5 | F54: H | G54: 46318 | H54: 40526005 | I54: 10 | J54: 14:24:08 | K54: 14:54:05 | L54: 46318 | M54: LIPV | O54: SIGGAINT | P54: 46318 | Q54: =IFERROR(VALUE(LEFT($J54,2))*60+VALUE(MID($J54,4,2)),9999) -> 864 | R54: =IFERROR(VALUE(LEFT($K54,2))*60+VALUE(MID($K54,4,2)),"") -> 894 | S54: =IF($Q54<Parâmetros!$E$19,$G54-1,$G54) -> 46318
A55: 9218 | B55: Adriano Donizete Bento da Silva | C55: INS | D55: 46318 | E55: 0.58 | F55: H | G55: 46318 | H55: 40529296 | I55: 10 | J55: 14:56:07 | K55: 15:31:02 | L55: 46318 | M55: LICO | O55: SIGGAINT | P55: 46318 | Q55: =IFERROR(VALUE(LEFT($J55,2))*60+VALUE(MID($J55,4,2)),9999) -> 896 | R55: =IFERROR(VALUE(LEFT($K55,2))*60+VALUE(MID($K55,4,2)),"") -> 931 | S55: =IF($Q55<Parâmetros!$E$19,$G55-1,$G55) -> 46318
A56: 9218 | B56: Adriano Donizete Bento da Silva | C56: INS | D56: 46319 | E56: 0.91 | F56: H | G56: 46319 | H56: 40526009 | I56: 10 | J56: 07:08:56 | K56: 08:03:27 | L56: 46319 | M56: LIPV | N56: 3010186 | O56: SIGGAINT | P56: 46319 | Q56: =IFERROR(VALUE(LEFT($J56,2))*60+VALUE(MID($J56,4,2)),9999) -> 428 | R56: =IFERROR(VALUE(LEFT($K56,2))*60+VALUE(MID($K56,4,2)),"") -> 483 | S56: =IF($Q56<Parâmetros!$E$19,$G56-1,$G56) -> 46319
A57: 9218 | B57: Adriano Donizete Bento da Silva | C57: INS | D57: 46319 | E57: 0.66 | F57: H | G57: 46319 | H57: 40526007 | I57: 10 | J57: 08:04:27 | K57: 08:44:21 | L57: 46319 | M57: LIPV | O57: SIGGAINT | P57: 46319 | Q57: =IFERROR(VALUE(LEFT($J57,2))*60+VALUE(MID($J57,4,2)),9999) -> 484 | R57: =IFERROR(VALUE(LEFT($K57,2))*60+VALUE(MID($K57,4,2)),"") -> 524 | S57: =IF($Q57<Parâmetros!$E$19,$G57-1,$G57) -> 46319
A58: 9218 | B58: Adriano Donizete Bento da Silva | C58: INS | D58: 46319 | E58: 0.41 | F58: H | G58: 46319 | H58: 40525960 | I58: 10 | J58: 08:44:40 | K58: 09:09:25 | L58: 46319 | M58: LIPV | N58: 3004239 | O58: SIGGAINT | P58: 46319 | Q58: =IFERROR(VALUE(LEFT($J58,2))*60+VALUE(MID($J58,4,2)),9999) -> 524 | R58: =IFERROR(VALUE(LEFT($K58,2))*60+VALUE(MID($K58,4,2)),"") -> 549 | S58: =IF($Q58<Parâmetros!$E$19,$G58-1,$G58) -> 46319
A59: 9218 | B59: Adriano Donizete Bento da Silva | C59: INS | D59: 46319 | E59: 0.47 | F59: H | G59: 46319 | H59: 40525961 | I59: 10 | J59: 09:09:40 | K59: 09:38:01 | L59: 46319 | M59: LIPV | N59: 3004240 | O59: SIGGAINT | P59: 46319 | Q59: =IFERROR(VALUE(LEFT($J59,2))*60+VALUE(MID($J59,4,2)),9999) -> 549 | R59: =IFERROR(VALUE(LEFT($K59,2))*60+VALUE(MID($K59,4,2)),"") -> 578 | S59: =IF($Q59<Parâmetros!$E$19,$G59-1,$G59) -> 46319
A60: 9218 | B60: Adriano Donizete Bento da Silva | C60: INS | D60: 46319 | E60: 0.64 | F60: H | G60: 46319 | H60: 40525962 | I60: 10 | J60: 09:38:16 | K60: 10:16:36 | L60: 46319 | M60: LIPV | N60: 3004241 | O60: SIGGAINT | P60: 46319 | Q60: =IFERROR(VALUE(LEFT($J60,2))*60+VALUE(MID($J60,4,2)),9999) -> 578 | R60: =IFERROR(VALUE(LEFT($K60,2))*60+VALUE(MID($K60,4,2)),"") -> 616 | S60: =IF($Q60<Parâmetros!$E$19,$G60-1,$G60) -> 46319
A61: 9218 | B61: Adriano Donizete Bento da Silva | C61: INS | D61: 46319 | E61: 0.48 | F61: H | G61: 46319 | H61: 40525963 | I61: 10 | J61: 10:17:50 | K61: 10:46:55 | L61: 46319 | M61: LIPV | N61: 3004242 | O61: SIGGAINT | P61: 46319 | Q61: =IFERROR(VALUE(LEFT($J61,2))*60+VALUE(MID($J61,4,2)),9999) -> 617 | R61: =IFERROR(VALUE(LEFT($K61,2))*60+VALUE(MID($K61,4,2)),"") -> 646 | S61: =IF($Q61<Parâmetros!$E$19,$G61-1,$G61) -> 46319
A62: 9218 | B62: Adriano Donizete Bento da Silva | C62: INS | D62: 46319 | E62: 0.49 | F62: H | G62: 46319 | H62: 40525964 | I62: 10 | J62: 10:50:51 | K62: 11:20:09 | L62: 46319 | M62: LIPV | N62: 3004243 | O62: SIGGAINT | P62: 46319 | Q62: =IFERROR(VALUE(LEFT($J62,2))*60+VALUE(MID($J62,4,2)),9999) -> 650 | R62: =IFERROR(VALUE(LEFT($K62,2))*60+VALUE(MID($K62,4,2)),"") -> 680 | S62: =IF($Q62<Parâmetros!$E$19,$G62-1,$G62) -> 46319
A63: 9218 | B63: Adriano Donizete Bento da Silva | C63: INS | D63: 46319 | E63: 0.64 | F63: H | G63: 46319 | H63: 40525965 | I63: 10 | J63: 11:20:40 | K63: 11:59:01 | L63: 46319 | M63: LIPV | N63: 3004244 | O63: SIGGAINT | P63: 46319 | Q63: =IFERROR(VALUE(LEFT($J63,2))*60+VALUE(MID($J63,4,2)),9999) -> 680 | R63: =IFERROR(VALUE(LEFT($K63,2))*60+VALUE(MID($K63,4,2)),"") -> 719 | S63: =IF($Q63<Parâmetros!$E$19,$G63-1,$G63) -> 46319
A64: 9218 | B64: Adriano Donizete Bento da Silva | C64: INS | D64: 46319 | E64: 0.45 | F64: H | G64: 46319 | H64: 40525966 | I64: 10 | J64: 11:59:37 | K64: 12:26:42 | L64: 46319 | M64: LIPV | N64: 3010325 | O64: SIGGAINT | P64: 46319 | Q64: =IFERROR(VALUE(LEFT($J64,2))*60+VALUE(MID($J64,4,2)),9999) -> 719 | R64: =IFERROR(VALUE(LEFT($K64,2))*60+VALUE(MID($K64,4,2)),"") -> 746 | S64: =IF($Q64<Parâmetros!$E$19,$G64-1,$G64) -> 46319
A65: 9218 | B65: Adriano Donizete Bento da Silva | C65: INS | D65: 46319 | E65: 0.1 | F65: H | G65: 46319 | H65: 40525967 | I65: 10 | J65: 12:27:16 | K65: 12:33:01 | L65: 46319 | M65: LIPV | N65: 3010878 | O65: SIGGAINT | P65: 46319 | Q65: =IFERROR(VALUE(LEFT($J65,2))*60+VALUE(MID($J65,4,2)),9999) -> 747 | R65: =IFERROR(VALUE(LEFT($K65,2))*60+VALUE(MID($K65,4,2)),"") -> 753 | S65: =IF($Q65<Parâmetros!$E$19,$G65-1,$G65) -> 46319
A66: 9218 | B66: Adriano Donizete Bento da Silva | C66: INS | D66: 46319 | E66: 1.2 | F66: H | G66: 46319 | H66: 40529642 | I66: 10 | J66: 13:31:47 | K66: 14:43:57 | L66: 46319 | M66: LICO | O66: SIGGAINT | P66: 46319 | Q66: =IFERROR(VALUE(LEFT($J66,2))*60+VALUE(MID($J66,4,2)),9999) -> 811 | R66: =IFERROR(VALUE(LEFT($K66,2))*60+VALUE(MID($K66,4,2)),"") -> 883 | S66: =IF($Q66<Parâmetros!$E$19,$G66-1,$G66) -> 46319
A67: 9561 | B67: Edmilson Luciano Nunes | C67: ENGMAN | D67: 46301 | E67: 1.07 | F67: H | G67: 46300 | H67: 40521787 | I67: 10 | J67: 07:31:23 | K67: 08:35:32 | L67: 46300 | M67: LIPD | N67: 3002630 | O67: SIGGAINT | P67: 46301 | Q67: =IFERROR(VALUE(LEFT($J67,2))*60+VALUE(MID($J67,4,2)),9999) -> 451 | R67: =IFERROR(VALUE(LEFT($K67,2))*60+VALUE(MID($K67,4,2)),"") -> 515 | S67: =IF($Q67<Parâmetros!$E$19,$G67-1,$G67) -> 46300
A68: 9561 | B68: Edmilson Luciano Nunes | C68: ENGMAN | D68: 46301 | E68: 1.4 | F68: H | G68: 46300 | H68: 40521787 | I68: 20 | J68: 08:36:51 | K68: 10:01:00 | L68: 46300 | M68: LIPD | N68: 3002630 | O68: SIGGAINT | P68: 46301 | Q68: =IFERROR(VALUE(LEFT($J68,2))*60+VALUE(MID($J68,4,2)),9999) -> 516 | R68: =IFERROR(VALUE(LEFT($K68,2))*60+VALUE(MID($K68,4,2)),"") -> 601 | S68: =IF($Q68<Parâmetros!$E$19,$G68-1,$G68) -> 46300
A69: 9561 | B69: Edmilson Luciano Nunes | C69: ENGMAN | D69: 46301 | E69: 1.35 | F69: H | G69: 46300 | H69: 40521788 | I69: 10 | J69: 10:04:33 | K69: 11:25:38 | L69: 46300 | M69: LIPD | N69: 3011008 | O69: SIGGAINT | P69: 46301 | Q69: =IFERROR(VALUE(LEFT($J69,2))*60+VALUE(MID($J69,4,2)),9999) -> 604 | R69: =IFERROR(VALUE(LEFT($K69,2))*60+VALUE(MID($K69,4,2)),"") -> 685 | S69: =IF($Q69<Parâmetros!$E$19,$G69-1,$G69) -> 46300
A70: 9561 | B70: Edmilson Luciano Nunes | C70: ENGMAN | D70: 46301 | E70: 2.52 | F70: H | G70: 46300 | H70: 40521788 | I70: 20 | J70: 12:33:57 | K70: 15:05:09 | L70: 46300 | M70: LIPD | N70: 3011008 | O70: SIGGAINT | P70: 46301 | Q70: =IFERROR(VALUE(LEFT($J70,2))*60+VALUE(MID($J70,4,2)),9999) -> 753 | R70: =IFERROR(VALUE(LEFT($K70,2))*60+VALUE(MID($K70,4,2)),"") -> 905 | S70: =IF($Q70<Parâmetros!$E$19,$G70-1,$G70) -> 46300
A71: 9561 | B71: Edmilson Luciano Nunes | C71: ENGMAN | D71: 46301 | E71: 1.45 | F71: H | G71: 46300 | H71: 40522881 | I71: 10 | J71: 15:13:13 | K71: 16:40:27 | L71: 46300 | M71: LICO | O71: SIGGAINT | P71: 46301 | Q71: =IFERROR(VALUE(LEFT($J71,2))*60+VALUE(MID($J71,4,2)),9999) -> 913 | R71: =IFERROR(VALUE(LEFT($K71,2))*60+VALUE(MID($K71,4,2)),"") -> 1000 | S71: =IF($Q71<Parâmetros!$E$19,$G71-1,$G71) -> 46300
A72: 9561 | B72: Edmilson Luciano Nunes | C72: ENGMAN | D72: 46301 | E72: 4 | F72: H | G72: 46301 | H72: 40522902 | I72: 10 | J72: 07:26:05 | K72: 11:26:14 | L72: 46301 | M72: LICO | O72: SIGGAINT | P72: 46301 | Q72: =IFERROR(VALUE(LEFT($J72,2))*60+VALUE(MID($J72,4,2)),9999) -> 446 | R72: =IFERROR(VALUE(LEFT($K72,2))*60+VALUE(MID($K72,4,2)),"") -> 686 | S72: =IF($Q72<Parâmetros!$E$19,$G72-1,$G72) -> 46301
A73: 9561 | B73: Edmilson Luciano Nunes | C73: ENGMAN | D73: 46302 | E73: 3.97 | F73: H | G73: 46301 | H73: 40522881 | I73: 10 | J73: 12:36:07 | K73: 16:34:21 | L73: 46301 | M73: LICO | O73: SIGGAINT | P73: 46302 | Q73: =IFERROR(VALUE(LEFT($J73,2))*60+VALUE(MID($J73,4,2)),9999) -> 756 | R73: =IFERROR(VALUE(LEFT($K73,2))*60+VALUE(MID($K73,4,2)),"") -> 994 | S73: =IF($Q73<Parâmetros!$E$19,$G73-1,$G73) -> 46301
A74: 9561 | B74: Edmilson Luciano Nunes | C74: ENGMAN | D74: 46303 | E74: 4.32 | F74: H | G74: 46302 | H74: 40521809 | I74: 10 | J74: 07:41:37 | K74: 12:00:43 | L74: 46302 | M74: LIPD | O74: SIGGAINT | P74: 46303 | Q74: =IFERROR(VALUE(LEFT($J74,2))*60+VALUE(MID($J74,4,2)),9999) -> 461 | R74: =IFERROR(VALUE(LEFT($K74,2))*60+VALUE(MID($K74,4,2)),"") -> 720 | S74: =IF($Q74<Parâmetros!$E$19,$G74-1,$G74) -> 46302
A75: 9561 | B75: Edmilson Luciano Nunes | C75: ENGMAN | D75: 46303 | E75: 3.49 | F75: H | G75: 46302 | H75: 40521809 | I75: 10 | J75: 13:14:32 | K75: 16:43:41 | L75: 46302 | M75: LIPD | O75: SIGGAINT | P75: 46303 | Q75: =IFERROR(VALUE(LEFT($J75,2))*60+VALUE(MID($J75,4,2)),9999) -> 794 | R75: =IFERROR(VALUE(LEFT($K75,2))*60+VALUE(MID($K75,4,2)),"") -> 1003 | S75: =IF($Q75<Parâmetros!$E$19,$G75-1,$G75) -> 46302
A76: 9561 | B76: Edmilson Luciano Nunes | C76: ENGMAN | D76: 46304 | E76: 0.59 | F76: H | G76: 46303 | H76: 40521813 | I76: 10 | J76: 07:25:51 | K76: 08:00:58 | L76: 46303 | M76: LIPD | O76: SIGGAINT | P76: 46304 | Q76: =IFERROR(VALUE(LEFT($J76,2))*60+VALUE(MID($J76,4,2)),9999) -> 445 | R76: =IFERROR(VALUE(LEFT($K76,2))*60+VALUE(MID($K76,4,2)),"") -> 480 | S76: =IF($Q76<Parâmetros!$E$19,$G76-1,$G76) -> 46303
A77: 9561 | B77: Edmilson Luciano Nunes | C77: ENGMAN | D77: 46304 | E77: 0.42 | F77: H | G77: 46303 | H77: 40521813 | I77: 20 | J77: 08:06:17 | K77: 08:31:27 | L77: 46303 | M77: LIPD | O77: SIGGAINT | P77: 46304 | Q77: =IFERROR(VALUE(LEFT($J77,2))*60+VALUE(MID($J77,4,2)),9999) -> 486 | R77: =IFERROR(VALUE(LEFT($K77,2))*60+VALUE(MID($K77,4,2)),"") -> 511 | S77: =IF($Q77<Parâmetros!$E$19,$G77-1,$G77) -> 46303
A78: 9561 | B78: Edmilson Luciano Nunes | C78: ENGMAN | D78: 46304 | E78: 0.47 | F78: H | G78: 46303 | H78: 40521819 | I78: 10 | J78: 08:32:02 | K78: 09:00:12 | L78: 46303 | M78: LIPD | O78: SIGGAINT | P78: 46304 | Q78: =IFERROR(VALUE(LEFT($J78,2))*60+VALUE(MID($J78,4,2)),9999) -> 512 | R78: =IFERROR(VALUE(LEFT($K78,2))*60+VALUE(MID($K78,4,2)),"") -> 540 | S78: =IF($Q78<Parâmetros!$E$19,$G78-1,$G78) -> 46303
A79: 9561 | B79: Edmilson Luciano Nunes | C79: ENGMAN | D79: 46304 | E79: 0.47 | F79: H | G79: 46303 | H79: 40521819 | I79: 20 | J79: 09:32:38 | K79: 10:00:50 | L79: 46303 | M79: LIPD | O79: SIGGAINT | P79: 46304 | Q79: =IFERROR(VALUE(LEFT($J79,2))*60+VALUE(MID($J79,4,2)),9999) -> 572 | R79: =IFERROR(VALUE(LEFT($K79,2))*60+VALUE(MID($K79,4,2)),"") -> 600 | S79: =IF($Q79<Parâmetros!$E$19,$G79-1,$G79) -> 46303
A80: 9561 | B80: Edmilson Luciano Nunes | C80: ENGMAN | D80: 46304 | E80: 0.44 | F80: H | G80: 46303 | H80: 40521791 | I80: 10 | J80: 10:00:15 | K80: 10:26:23 | L80: 46303 | M80: LIPD | N80: 3002633 | O80: SIGGAINT | P80: 46304 | Q80: =IFERROR(VALUE(LEFT($J80,2))*60+VALUE(MID($J80,4,2)),9999) -> 600 | R80: =IFERROR(VALUE(LEFT($K80,2))*60+VALUE(MID($K80,4,2)),"") -> 626 | S80: =IF($Q80<Parâmetros!$E$19,$G80-1,$G80) -> 46303
A81: 9561 | B81: Edmilson Luciano Nunes | C81: ENGMAN | D81: 46304 | E81: 0.49 | F81: H | G81: 46303 | H81: 40521791 | I81: 20 | J81: 10:31:45 | K81: 11:00:52 | L81: 46303 | M81: LIPD | N81: 3002633 | O81: SIGGAINT | P81: 46304 | Q81: =IFERROR(VALUE(LEFT($J81,2))*60+VALUE(MID($J81,4,2)),9999) -> 631 | R81: =IFERROR(VALUE(LEFT($K81,2))*60+VALUE(MID($K81,4,2)),"") -> 660 | S81: =IF($Q81<Parâmetros!$E$19,$G81-1,$G81) -> 46303
A82: 9561 | B82: Edmilson Luciano Nunes | C82: ENGMAN | D82: 46304 | E82: 0.42 | F82: H | G82: 46303 | H82: 40521789 | I82: 10 | J82: 12:05:27 | K82: 12:30:36 | L82: 46303 | M82: LIPD | N82: 3002631 | O82: SIGGAINT | P82: 46304 | Q82: =IFERROR(VALUE(LEFT($J82,2))*60+VALUE(MID($J82,4,2)),9999) -> 725 | R82: =IFERROR(VALUE(LEFT($K82,2))*60+VALUE(MID($K82,4,2)),"") -> 750 | S82: =IF($Q82<Parâmetros!$E$19,$G82-1,$G82) -> 46303
A83: 9561 | B83: Edmilson Luciano Nunes | C83: ENGMAN | D83: 46304 | E83: 0.45 | F83: H | G83: 46303 | H83: 40521789 | I83: 20 | J83: 12:32:55 | K83: 13:00:05 | L83: 46303 | M83: LIPD | N83: 3002631 | O83: SIGGAINT | P83: 46304 | Q83: =IFERROR(VALUE(LEFT($J83,2))*60+VALUE(MID($J83,4,2)),9999) -> 752 | R83: =IFERROR(VALUE(LEFT($K83,2))*60+VALUE(MID($K83,4,2)),"") -> 780 | S83: =IF($Q83<Parâmetros!$E$19,$G83-1,$G83) -> 46303
A84: 9561 | B84: Edmilson Luciano Nunes | C84: ENGMAN | D84: 46304 | E84: 0.35 | F84: H | G84: 46303 | H84: 40521790 | I84: 10 | J84: 13:08:55 | K84: 13:30:12 | L84: 46303 | M84: LIPD | N84: 3002632 | O84: SIGGAINT | P84: 46304 | Q84: =IFERROR(VALUE(LEFT($J84,2))*60+VALUE(MID($J84,4,2)),9999) -> 788 | R84: =IFERROR(VALUE(LEFT($K84,2))*60+VALUE(MID($K84,4,2)),"") -> 810 | S84: =IF($Q84<Parâmetros!$E$19,$G84-1,$G84) -> 46303
A85: 9561 | B85: Edmilson Luciano Nunes | C85: ENGMAN | D85: 46304 | E85: 0.45 | F85: H | G85: 46303 | H85: 40521790 | I85: 20 | J85: 13:33:38 | K85: 14:00:48 | L85: 46303 | M85: LIPD | N85: 3002632 | O85: SIGGAINT | P85: 46304 | Q85: =IFERROR(VALUE(LEFT($J85,2))*60+VALUE(MID($J85,4,2)),9999) -> 813 | R85: =IFERROR(VALUE(LEFT($K85,2))*60+VALUE(MID($K85,4,2)),"") -> 840 | S85: =IF($Q85<Parâmetros!$E$19,$G85-1,$G85) -> 46303
A86: 9561 | B86: Edmilson Luciano Nunes | C86: ENGMAN | D86: 46304 | E86: 0.45 | F86: H | G86: 46303 | H86: 40521786 | I86: 10 | J86: 14:03:35 | K86: 14:30:45 | L86: 46303 | M86: LIPD | N86: 3002960 | O86: SIGGAINT | P86: 46304 | Q86: =IFERROR(VALUE(LEFT($J86,2))*60+VALUE(MID($J86,4,2)),9999) -> 843 | R86: =IFERROR(VALUE(LEFT($K86,2))*60+VALUE(MID($K86,4,2)),"") -> 870 | S86: =IF($Q86<Parâmetros!$E$19,$G86-1,$G86) -> 46303
A87: 9561 | B87: Edmilson Luciano Nunes | C87: ENGMAN | D87: 46304 | E87: 0.44 | F87: H | G87: 46303 | H87: 40521786 | I87: 20 | J87: 14:34:10 | K87: 15:00:21 | L87: 46303 | M87: LIPD | N87: 3002960 | O87: SIGGAINT | P87: 46304 | Q87: =IFERROR(VALUE(LEFT($J87,2))*60+VALUE(MID($J87,4,2)),9999) -> 874 | R87: =IFERROR(VALUE(LEFT($K87,2))*60+VALUE(MID($K87,4,2)),"") -> 900 | S87: =IF($Q87<Parâmetros!$E$19,$G87-1,$G87) -> 46303
A88: 9561 | B88: Edmilson Luciano Nunes | C88: ENGMAN | D88: 46304 | E88: 0.49 | F88: H | G88: 46303 | H88: 40521818 | I88: 10 | J88: 15:02:06 | K88: 15:31:16 | L88: 46303 | M88: LIPD | O88: SIGGAINT | P88: 46304 | Q88: =IFERROR(VALUE(LEFT($J88,2))*60+VALUE(MID($J88,4,2)),9999) -> 902 | R88: =IFERROR(VALUE(LEFT($K88,2))*60+VALUE(MID($K88,4,2)),"") -> 931 | S88: =IF($Q88<Parâmetros!$E$19,$G88-1,$G88) -> 46303
A89: 9561 | B89: Edmilson Luciano Nunes | C89: ENGMAN | D89: 46304 | E89: 0.84 | F89: H | G89: 46303 | H89: 40521818 | I89: 20 | J89: 15:37:56 | K89: 16:28:07 | L89: 46303 | M89: LIPD | O89: SIGGAINT | P89: 46304 | Q89: =IFERROR(VALUE(LEFT($J89,2))*60+VALUE(MID($J89,4,2)),9999) -> 937 | R89: =IFERROR(VALUE(LEFT($K89,2))*60+VALUE(MID($K89,4,2)),"") -> 988 | S89: =IF($Q89<Parâmetros!$E$19,$G89-1,$G89) -> 46303
A90: 9561 | B90: Edmilson Luciano Nunes | C90: ENGMAN | D90: 46304 | E90: 0.3 | F90: H | G90: 46304 | H90: 40521794 | I90: 10 | J90: 07:15:05 | K90: 07:33:23 | L90: 46304 | M90: LIPD | N90: 3004394 | O90: SIGGAINT | P90: 46304 | Q90: =IFERROR(VALUE(LEFT($J90,2))*60+VALUE(MID($J90,4,2)),9999) -> 435 | R90: =IFERROR(VALUE(LEFT($K90,2))*60+VALUE(MID($K90,4,2)),"") -> 453 | S90: =IF($Q90<Parâmetros!$E$19,$G90-1,$G90) -> 46304
A91: 9561 | B91: Edmilson Luciano Nunes | C91: ENGMAN | D91: 46304 | E91: 0.42 | F91: H | G91: 46304 | H91: 40521794 | I91: 20 | J91: 08:34:55 | K91: 09:00:09 | L91: 46304 | M91: LIPD | N91: 3004394 | O91: SIGGAINT | P91: 46304 | Q91: =IFERROR(VALUE(LEFT($J91,2))*60+VALUE(MID($J91,4,2)),9999) -> 514 | R91: =IFERROR(VALUE(LEFT($K91,2))*60+VALUE(MID($K91,4,2)),"") -> 540 | S91: =IF($Q91<Parâmetros!$E$19,$G91-1,$G91) -> 46304
A92: 9561 | B92: Edmilson Luciano Nunes | C92: ENGMAN | D92: 46304 | E92: 0.27 | F92: H | G92: 46304 | H92: 40521793 | I92: 10 | J92: 09:21:28 | K92: 09:37:41 | L92: 46304 | M92: LIPD | N92: 3004393 | O92: SIGGAINT | P92: 46304 | Q92: =IFERROR(VALUE(LEFT($J92,2))*60+VALUE(MID($J92,4,2)),9999) -> 561 | R92: =IFERROR(VALUE(LEFT($K92,2))*60+VALUE(MID($K92,4,2)),"") -> 577 | S92: =IF($Q92<Parâmetros!$E$19,$G92-1,$G92) -> 46304
A93: 9561 | B93: Edmilson Luciano Nunes | C93: ENGMAN | D93: 46304 | E93: 0.37 | F93: H | G93: 46304 | H93: 40521793 | I93: 20 | J93: 09:38:04 | K93: 10:00:15 | L93: 46304 | M93: LIPD | N93: 3004393 | O93: SIGGAINT | P93: 46304 | Q93: =IFERROR(VALUE(LEFT($J93,2))*60+VALUE(MID($J93,4,2)),9999) -> 578 | R93: =IFERROR(VALUE(LEFT($K93,2))*60+VALUE(MID($K93,4,2)),"") -> 600 | S93: =IF($Q93<Parâmetros!$E$19,$G93-1,$G93) -> 46304
A94: 9561 | B94: Edmilson Luciano Nunes | C94: ENGMAN | D94: 46304 | E94: 0.42 | F94: H | G94: 46304 | H94: 40521814 | I94: 10 | J94: 10:01:39 | K94: 10:26:48 | L94: 46304 | M94: LIPD | O94: SIGGAINT | P94: 46304 | Q94: =IFERROR(VALUE(LEFT($J94,2))*60+VALUE(MID($J94,4,2)),9999) -> 601 | R94: =IFERROR(VALUE(LEFT($K94,2))*60+VALUE(MID($K94,4,2)),"") -> 626 | S94: =IF($Q94<Parâmetros!$E$19,$G94-1,$G94) -> 46304
A95: 9561 | B95: Edmilson Luciano Nunes | C95: ENGMAN | D95: 46304 | E95: 0.55 | F95: H | G95: 46304 | H95: 40521814 | I95: 20 | J95: 10:27:12 | K95: 11:00:23 | L95: 46304 | M95: LIPD | O95: SIGGAINT | P95: 46304 | Q95: =IFERROR(VALUE(LEFT($J95,2))*60+VALUE(MID($J95,4,2)),9999) -> 627 | R95: =IFERROR(VALUE(LEFT($K95,2))*60+VALUE(MID($K95,4,2)),"") -> 660 | S95: =IF($Q95<Parâmetros!$E$19,$G95-1,$G95) -> 46304
A96: 9561 | B96: Edmilson Luciano Nunes | C96: ENGMAN | D96: 46304 | E96: 0.42 | F96: H | G96: 46304 | H96: 40521820 | I96: 10 | J96: 12:02:49 | K96: 12:27:58 | L96: 46304 | M96: LIPD | O96: SIGGAINT | P96: 46304 | Q96: =IFERROR(VALUE(LEFT($J96,2))*60+VALUE(MID($J96,4,2)),9999) -> 722 | R96: =IFERROR(VALUE(LEFT($K96,2))*60+VALUE(MID($K96,4,2)),"") -> 747 | S96: =IF($Q96<Parâmetros!$E$19,$G96-1,$G96) -> 46304
A97: 9561 | B97: Edmilson Luciano Nunes | C97: ENGMAN | D97: 46304 | E97: 0.2 | F97: H | G97: 46304 | H97: 40521820 | I97: 20 | J97: 12:28:23 | K97: 12:40:35 | L97: 46304 | M97: LIPD | O97: SIGGAINT | P97: 46304 | Q97: =IFERROR(VALUE(LEFT($J97,2))*60+VALUE(MID($J97,4,2)),9999) -> 748 | R97: =IFERROR(VALUE(LEFT($K97,2))*60+VALUE(MID($K97,4,2)),"") -> 760 | S97: =IF($Q97<Parâmetros!$E$19,$G97-1,$G97) -> 46304
A98: 9561 | B98: Edmilson Luciano Nunes | C98: ENGMAN | D98: 46304 | E98: 0.64 | F98: H | G98: 46304 | H98: 40521815 | I98: 10 | J98: 12:42:09 | K98: 13:20:22 | L98: 46304 | M98: LIPD | O98: SIGGAINT | P98: 46304 | Q98: =IFERROR(VALUE(LEFT($J98,2))*60+VALUE(MID($J98,4,2)),9999) -> 762 | R98: =IFERROR(VALUE(LEFT($K98,2))*60+VALUE(MID($K98,4,2)),"") -> 800 | S98: =IF($Q98<Parâmetros!$E$19,$G98-1,$G98) -> 46304
A99: 9561 | B99: Edmilson Luciano Nunes | C99: ENGMAN | D99: 46304 | E99: 0.24 | F99: H | G99: 46304 | H99: 40521815 | I99: 20 | J99: 13:26:09 | K99: 13:40:21 | L99: 46304 | M99: LIPD | O99: SIGGAINT | P99: 46304 | Q99: =IFERROR(VALUE(LEFT($J99,2))*60+VALUE(MID($J99,4,2)),9999) -> 806 | R99: =IFERROR(VALUE(LEFT($K99,2))*60+VALUE(MID($K99,4,2)),"") -> 820 | S99: =IF($Q99<Parâmetros!$E$19,$G99-1,$G99) -> 46304
A100: 9561 | B100: Edmilson Luciano Nunes | C100: ENGMAN | D100: 46304 | E100: 0.32 | F100: H | G100: 46304 | H100: 40521816 | I100: 10 | J100: 13:41:37 | K100: 14:00:47 | L100: 46304 | M100: LIPD | O100: SIGGAINT | P100: 46304 | Q100: =IFERROR(VALUE(LEFT($J100,2))*60+VALUE(MID($J100,4,2)),9999) -> 821 | R100: =IFERROR(VALUE(LEFT($K100,2))*60+VALUE(MID($K100,4,2)),"") -> 840 | S100: =IF($Q100<Parâmetros!$E$19,$G100-1,$G100) -> 46304
...

Sheet Base Diária
A1: Nº pessoal | B1: Empregado | C1: Centro de Trabalho | D1: Escala (cadastro) | E1: Turno cadastro | F1: Data | G1: Dia | H1: 1º apont. (min) | I1: Últ. apont. fim (min) · informativo | J1: Turno esperado (posição) | K1: Turno / jornada aplicada | L1: Horas apontadas | M1: Horas disponíveis | N1: % Apontamento | O1: Meta | P1: Apurado? | Q1: Trabalhou? | R1: Na meta? | S1: Gap p/ meta (h) | T1: Sobre-apontamento? | U1: Situação | V1: Origem do turno / divergência | W1: Seq. dias trabalho | X1: Seq. dias folga | Y1: Tipo de dia | Z1: Ausência seq. (retro) | AA1: Ausência seq. (à frente) | AB1: Linha do cadastro vigente | AC1: Exceção (dia) | AD1: Motivo da exceção
A2: 9218 | B2: Adriano Donizete Bento Da Silva | C2: =IFERROR(INDEX(Cadastro!$C$5:$C$243,$AB2),"NÃO INFORMADO") -> INS | D2: =IFERROR(INDEX(Cadastro!$D$5:$D$243,$AB2),"") -> Férias | E2: =IFERROR(INDEX(Cadastro!$G$5:$G$243,$AB2),"") -> Férias | F2: 46300 | G2: =CHOOSE(WEEKDAY($F2,1),"dom","seg","ter","qua","qui","sex","sáb") -> seg | H2: =IF($L2=0,"",_xlfn.MINIFS(Dados!$Q:$Q,Dados!$A:$A,$A2,Dados!$S:$S,$F2)) | I2: =IF($H2="","",_xlfn.MAXIFS(Dados!$R:$R,Dados!$A:$A,$A2,Dados!$S:$S,$F2)) | J2: =IF($D2<>"Folguista","",IFERROR(INDEX(Parâmetros!$D$52:$G$52,1,MIN(4,MAX(1,$W2))),"")) | K2: =IF(OR($AC2<>"",$Y2="Folga",$Y2="Folga trabalhada",$Y2="Férias (cadastro)",$Y2="Férias / afastamento",$Y2="Indeterminado (início da série)"),"",IF(OR($D2="6x1",$D2="FF 6x1"),IF(OR(WEEKDAY($F2,2)=6,WEEKDAY($F2,2)=7),"6x1 sáb/dom","6x1"),IF($D2="5x2","5x2",IF($H2="",IF($D2="Folguista",$J2,$E2),IF(OR($H2>=Parâmetros!$E$18,$H2<Parâmetros!$E$19),"C",IF($H2<Parâmetros!$E$20,"A","B")))))) | L2: =SUMIFS(Dados!$E:$E,Dados!$A:$A,$A2,Dados!$S:$S,$F2) -> 0 | M2: =IFERROR(INDEX(Parâmetros!$E$6:$E$11,MATCH($K2,Parâmetros!$A$6:$A$11,0)),"") | N2: =IFERROR($L2/$M2,"") | O2: =Parâmetros!$E$13 -> 0.8 | P2: =IF(OR($M2="",$F2>Parâmetros!$E$14),"Não","Sim") -> Não | Q2: =IF($P2="Não","",IF($L2>0,"Sim","Não")) | R2: =IF($Q2<>"Sim","",IF($N2>=$O2,"Sim","Não")) | S2: =IF($Q2<>"Sim","",MAX(0,$M2*$O2-$L2)) | T2: =IF($Q2<>"Sim","",IF($N2>Parâmetros!$E$15,"Sim","Não")) | U2: =IF($AC2<>"",$AC2,IF($P2="Não",IF($Y2="Folga","Folga",IF(LEFT($Y2,6)="Férias","Férias / afastamento",IF($Y2="Indeterminado (início da série)","Início da série","Fora da apuração"))),IF($Q2="Não","Falta de registro",IF($R2="Sim","Na meta","Abaixo da meta")))) -> Férias / afastamento | V2: =IF($AC2<>"",IF($L2>0,"ATENÇÃO · apontou em dia de "&LOWER($AC2)&" cadastrado","Exceção cadastrada · "&$AC2)&IF($AD2="",""," · "&$AD2),IF($E2="Férias",IF($L2>0,"ATENÇÃO · apontou estando de férias no cadastro","Férias no cadastro"),IF($Y2="Férias / afastamento","Afastamento · "&($Z2+$AA2-1)&" dias seguidos sem apontamento",IF($Y2="Folga trabalhada","ATENÇÃO · apontou em dia de folga da escala 5x2",IF($Y2="Folga",IF(AND($D2="5x2",OR(WEEKDAY($F2,2)=6,WEEKDAY($F2,2)=7)),"Folga de fim de semana da escala 5x2",IF(AND(OR($D2="6x1",$D2="FF 6x1"),WEEKDAY($F2,2)=6,FALSE()),"Folga de fim de semana · apontou no domingo anterior",IF(AND(OR($D2="6x1",$D2="FF 6x1"),WEEKDAY($F2,2)=7,AND($A2=$A1,$L1>0)),"Folga de fim de semana · apontou no sábado",IF(AND(OR($D2="6x1",$D2="FF 6x1"),OR(WEEKDAY($F2,2)=6,WEEKDAY($F2,2)=7)),"Folga de fim de semana · sem apontamento no sábado nem no domingo","Folga prevista pelo ciclo")))),IF($Y2="Indeterminado (início da série)","Sem histórico anterior — informe o dia do ciclo no Cadastro",IF($Y2="Falta de registro",IF(OR(OR($D2="6x1",$D2="FF 6x1"),$D2="5x2"),"FALTA DE REGISTRO · dia útil da escala "&$E2,"FALTA DE REGISTRO · dia "&$W2&" de "&IFERROR(INDEX(Parâmetros!$B$39:$B$48,MATCH($E2,Parâmetros!$A$39:$A$48,0)),99)&" do ciclo"),IF(OR($D2="6x1",$D2="FF 6x1"),IF(OR(AND(WEEKDAY($F2,2)=6,AND($A2=$A3,$L3>0)),AND(WEEKDAY($F2,2)=7,AND($A2=$A1,$L1>0))),"ATENÇÃO · apontou sábado e domingo no mesmo fim de semana",IF(OR(WEEKDAY($F2,2)=6,WEEKDAY($F2,2)=7),"Jornada de fim de semana do 6x1",IF(OR($H2>=Parâmetros!$E$20,$H2<Parâmetros!$E$19),"ATENÇÃO · 6x1 apontou fora do horário diurno","Jornada fixa do 6x1"))),IF($D2="5x2","Jornada fixa do 5x2",IF($D2="Folguista",IF($J2=$K2,"Evidência confirma sequência","DIVERGE · sequência "&$J2&" × evidência "&$K2),IF($K2=$E2,"Evidência confirma cadastro","DIVERGE · cadastro "&$E2&" × evidência "&$K2))))))))))) -> Férias no cadastro | W2: =IF(OR(OR($D2="6x1",$D2="FF 6x1"),$D2="5x2"),"",IF($AB2<>$AB1,IF(IFERROR(INDEX(Cadastro!$F$5:$F$243,$AB2),"")="",IF($L2>0,1,0),IF(IFERROR(INDEX(Cadastro!$F$5:$F$243,$AB2),"")<=IFERROR(INDEX(Parâmetros!$B$39:$B$48,MATCH($E2,Parâmetros!$A$39:$A$48,0)),99),IFERROR(INDEX(Cadastro!$F$5:$F$243,$AB2),""),0)),IF($L2>0,IF(N($X1)>0,1,N($W1)+1),IF(AND($L2=0,OR(N($W1)>=IFERROR(INDEX(Parâmetros!$B$39:$B$48,MATCH($E2,Parâmetros!$A$39:$A$48,0)),99),AND(N($X1)>0,N($X1)<IFERROR(INDEX(Parâmetros!$C$39:$C$48,MATCH($E2,Parâmetros!$A$39:$A$48,0)),0)))),0,N($W1)+1)))) -> 0 | X2: =IF(OR(OR($D2="6x1",$D2="FF 6x1"),$D2="5x2"),"",IF($AB2<>$AB1,IF(IFERROR(INDEX(Cadastro!$F$5:$F$243,$AB2),"")="",0,IF(IFERROR(INDEX(Cadastro!$F$5:$F$243,$AB2),"")>IFERROR(INDEX(Parâmetros!$B$39:$B$48,MATCH($E2,Parâmetros!$A$39:$A$48,0)),99),IFERROR(INDEX(Cadastro!$F$5:$F$243,$AB2),"")-IFERROR(INDEX(Parâmetros!$B$39:$B$48,MATCH($E2,Parâmetros!$A$39:$A$48,0)),99),0)),IF(AND($L2=0,OR(N($W1)>=IFERROR(INDEX(Parâmetros!$B$39:$B$48,MATCH($E2,Parâmetros!$A$39:$A$48,0)),99),AND(N($X1)>0,N($X1)<IFERROR(INDEX(Parâmetros!$C$39:$C$48,MATCH($E2,Parâmetros!$A$39:$A$48,0)),0)))),N($X1)+1,0))) -> 0 | Y2: =IF($AC2<>"",IF($L2>0,$AC2&" · com apontamento",$AC2),IF($E2="Férias",IF($L2>0,"Férias · com apontamento","Férias (cadastro)"),IF(($Z2+$AA2-1)>Parâmetros!$E$16,"Férias / afastamento",IF(AND($D2="5x2",OR(WEEKDAY($F2,2)=6,WEEKDAY($F2,2)=7)),IF($L2>0,"Folga trabalhada","Folga"),IF($L2>0,"Trabalhado",IF(OR(OR($D2="6x1",$D2="FF 6x1"),$D2="5x2"),IF(AND(OR($D2="6x1",$D2="FF 6x1"),OR(WEEKDAY($F2,2)=6,WEEKDAY($F2,2)=7)),"Folga","Falta de registro"),IF(AND($AB2<>$AB1,IFERROR(INDEX(Cadastro!$F$5:$F$243,$AB2),"")=""),"Indeterminado (início da série)",IF($X2>0,"Folga","Falta de registro")))))))) -> Férias (cadastro) | Z2: =IF(OR($L2>0,$F2>Parâmetros!$E$14),0,IF($A2<>$A1,1,N($Z1)+1)) -> 1 | AA2: =IF(OR($L2>0,$F2>Parâmetros!$E$14),0,IF(OR($A2<>$A3,$F3>Parâmetros!$E$14),1,N($AA3)+1)) -> 9 | AB2: =IFERROR(MATCH($A2&"|"&TEXT(_xlfn.MAXIFS(Cadastro!$E$5:$E$243,Cadastro!$A$5:$A$243,$A2,Cadastro!$E$5:$E$243,"<="&$F2),"yyyymmdd"),Cadastro!$I$5:$I$243,0),"") -> 4 | AC2: =IFERROR(_xlfn.SINGLE(INDEX(Exceções!$D$5:$D$203,MATCH($A2&"|"&$F2,Exceções!$F$5:$F$203,0))),"") | AD2: =IF($AC2="","",IFERROR(_xlfn.SINGLE(INDEX(Exceções!$E$5:$E$203,MATCH($A2&"|"&$F2,Exceções!$F$5:$F$203,0))),""))
A3: 9218 | B3: Adriano Donizete Bento Da Silva | C3: =IFERROR(INDEX(Cadastro!$C$5:$C$243,$AB3),"NÃO INFORMADO") -> INS | D3: =IFERROR(INDEX(Cadastro!$D$5:$D$243,$AB3),"") -> Férias | E3: =IFERROR(INDEX(Cadastro!$G$5:$G$243,$AB3),"") -> Férias | F3: 46301 | G3: =CHOOSE(WEEKDAY($F3,1),"dom","seg","ter","qua","qui","sex","sáb") -> ter | H3: =IF($L3=0,"",_xlfn.MINIFS(Dados!$Q:$Q,Dados!$A:$A,$A3,Dados!$S:$S,$F3)) | I3: =IF($H3="","",_xlfn.MAXIFS(Dados!$R:$R,Dados!$A:$A,$A3,Dados!$S:$S,$F3)) | J3: =IF($D3<>"Folguista","",IFERROR(INDEX(Parâmetros!$D$52:$G$52,1,MIN(4,MAX(1,$W3))),"")) | K3: =IF(OR($AC3<>"",$Y3="Folga",$Y3="Folga trabalhada",$Y3="Férias (cadastro)",$Y3="Férias / afastamento",$Y3="Indeterminado (início da série)"),"",IF(OR($D3="6x1",$D3="FF 6x1"),IF(OR(WEEKDAY($F3,2)=6,WEEKDAY($F3,2)=7),"6x1 sáb/dom","6x1"),IF($D3="5x2","5x2",IF($H3="",IF($D3="Folguista",$J3,$E3),IF(OR($H3>=Parâmetros!$E$18,$H3<Parâmetros!$E$19),"C",IF($H3<Parâmetros!$E$20,"A","B")))))) | L3: =SUMIFS(Dados!$E:$E,Dados!$A:$A,$A3,Dados!$S:$S,$F3) -> 0 | M3: =IFERROR(INDEX(Parâmetros!$E$6:$E$11,MATCH($K3,Parâmetros!$A$6:$A$11,0)),"") | N3: =IFERROR($L3/$M3,"") | O3: =Parâmetros!$E$13 -> 0.8 | P3: =IF(OR($M3="",$F3>Parâmetros!$E$14),"Não","Sim") -> Não | Q3: =IF($P3="Não","",IF($L3>0,"Sim","Não")) | R3: =IF($Q3<>"Sim","",IF($N3>=$O3,"Sim","Não")) | S3: =IF($Q3<>"Sim","",MAX(0,$M3*$O3-$L3)) | T3: =IF($Q3<>"Sim","",IF($N3>Parâmetros!$E$15,"Sim","Não")) | U3: =IF($AC3<>"",$AC3,IF($P3="Não",IF($Y3="Folga","Folga",IF(LEFT($Y3,6)="Férias","Férias / afastamento",IF($Y3="Indeterminado (início da série)","Início da série","Fora da apuração"))),IF($Q3="Não","Falta de registro",IF($R3="Sim","Na meta","Abaixo da meta")))) -> Férias / afastamento | V3: =IF($AC3<>"",IF($L3>0,"ATENÇÃO · apontou em dia de "&LOWER($AC3)&" cadastrado","Exceção cadastrada · "&$AC3)&IF($AD3="",""," · "&$AD3),IF($E3="Férias",IF($L3>0,"ATENÇÃO · apontou estando de férias no cadastro","Férias no cadastro"),IF($Y3="Férias / afastamento","Afastamento · "&($Z3+$AA3-1)&" dias seguidos sem apontamento",IF($Y3="Folga trabalhada","ATENÇÃO · apontou em dia de folga da escala 5x2",IF($Y3="Folga",IF(AND($D3="5x2",OR(WEEKDAY($F3,2)=6,WEEKDAY($F3,2)=7)),"Folga de fim de semana da escala 5x2",IF(AND(OR($D3="6x1",$D3="FF 6x1"),WEEKDAY($F3,2)=6,FALSE()),"Folga de fim de semana · apontou no domingo anterior",IF(AND(OR($D3="6x1",$D3="FF 6x1"),WEEKDAY($F3,2)=7,AND($A3=$A2,$L2>0)),"Folga de fim de semana · apontou no sábado",IF(AND(OR($D3="6x1",$D3="FF 6x1"),OR(WEEKDAY($F3,2)=6,WEEKDAY($F3,2)=7)),"Folga de fim de semana · sem apontamento no sábado nem no domingo","Folga prevista pelo ciclo")))),IF($Y3="Indeterminado (início da série)","Sem histórico anterior — informe o dia do ciclo no Cadastro",IF($Y3="Falta de registro",IF(OR(OR($D3="6x1",$D3="FF 6x1"),$D3="5x2"),"FALTA DE REGISTRO · dia útil da escala "&$E3,"FALTA DE REGISTRO · dia "&$W3&" de "&IFERROR(INDEX(Parâmetros!$B$39:$B$48,MATCH($E3,Parâmetros!$A$39:$A$48,0)),99)&" do ciclo"),IF(OR($D3="6x1",$D3="FF 6x1"),IF(OR(AND(WEEKDAY($F3,2)=6,AND($A3=$A4,$L4>0)),AND(WEEKDAY($F3,2)=7,AND($A3=$A2,$L2>0))),"ATENÇÃO · apontou sábado e domingo no mesmo fim de semana",IF(OR(WEEKDAY($F3,2)=6,WEEKDAY($F3,2)=7),"Jornada de fim de semana do 6x1",IF(OR($H3>=Parâmetros!$E$20,$H3<Parâmetros!$E$19),"ATENÇÃO · 6x1 apontou fora do horário diurno","Jornada fixa do 6x1"))),IF($D3="5x2","Jornada fixa do 5x2",IF($D3="Folguista",IF($J3=$K3,"Evidência confirma sequência","DIVERGE · sequência "&$J3&" × evidência "&$K3),IF($K3=$E3,"Evidência confirma cadastro","DIVERGE · cadastro "&$E3&" × evidência "&$K3))))))))))) -> Férias no cadastro | W3: =IF(OR(OR($D3="6x1",$D3="FF 6x1"),$D3="5x2"),"",IF($AB3<>$AB2,IF(IFERROR(INDEX(Cadastro!$F$5:$F$243,$AB3),"")="",IF($L3>0,1,0),IF(IFERROR(INDEX(Cadastro!$F$5:$F$243,$AB3),"")<=IFERROR(INDEX(Parâmetros!$B$39:$B$48,MATCH($E3,Parâmetros!$A$39:$A$48,0)),99),IFERROR(INDEX(Cadastro!$F$5:$F$243,$AB3),""),0)),IF($L3>0,IF(N($X2)>0,1,N($W2)+1),IF(AND($L3=0,OR(N($W2)>=IFERROR(INDEX(Parâmetros!$B$39:$B$48,MATCH($E3,Parâmetros!$A$39:$A$48,0)),99),AND(N($X2)>0,N($X2)<IFERROR(INDEX(Parâmetros!$C$39:$C$48,MATCH($E3,Parâmetros!$A$39:$A$48,0)),0)))),0,N($W2)+1)))) -> 1 | X3: =IF(OR(OR($D3="6x1",$D3="FF 6x1"),$D3="5x2"),"",IF($AB3<>$AB2,IF(IFERROR(INDEX(Cadastro!$F$5:$F$243,$AB3),"")="",0,IF(IFERROR(INDEX(Cadastro!$F$5:$F$243,$AB3),"")>IFERROR(INDEX(Parâmetros!$B$39:$B$48,MATCH($E3,Parâmetros!$A$39:$A$48,0)),99),IFERROR(INDEX(Cadastro!$F$5:$F$243,$AB3),"")-IFERROR(INDEX(Parâmetros!$B$39:$B$48,MATCH($E3,Parâmetros!$A$39:$A$48,0)),99),0)),IF(AND($L3=0,OR(N($W2)>=IFERROR(INDEX(Parâmetros!$B$39:$B$48,MATCH($E3,Parâmetros!$A$39:$A$48,0)),99),AND(N($X2)>0,N($X2)<IFERROR(INDEX(Parâmetros!$C$39:$C$48,MATCH($E3,Parâmetros!$A$39:$A$48,0)),0)))),N($X2)+1,0))) -> 0 | Y3: =IF($AC3<>"",IF($L3>0,$AC3&" · com apontamento",$AC3),IF($E3="Férias",IF($L3>0,"Férias · com apontamento","Férias (cadastro)"),IF(($Z3+$AA3-1)>Parâmetros!$E$16,"Férias / afastamento",IF(AND($D3="5x2",OR(WEEKDAY($F3,2)=6,WEEKDAY($F3,2)=7)),IF($L3>0,"Folga trabalhada","Folga"),IF($L3>0,"Trabalhado",IF(OR(OR($D3="6x1",$D3="FF 6x1"),$D3="5x2"),IF(AND(OR($D3="6x1",$D3="FF 6x1"),OR(WEEKDAY($F3,2)=6,WEEKDAY($F3,2)=7)),"Folga","Falta de registro"),IF(AND($AB3<>$AB2,IFERROR(INDEX(Cadastro!$F$5:$F$243,$AB3),"")=""),"Indeterminado (início da série)",IF($X3>0,"Folga","Falta de registro")))))))) -> Férias (cadastro) | Z3: =IF(OR($L3>0,$F3>Parâmetros!$E$14),0,IF($A3<>$A2,1,N($Z2)+1)) -> 2 | AA3: =IF(OR($L3>0,$F3>Parâmetros!$E$14),0,IF(OR($A3<>$A4,$F4>Parâmetros!$E$14),1,N($AA4)+1)) -> 8 | AB3: =IFERROR(MATCH($A3&"|"&TEXT(_xlfn.MAXIFS(Cadastro!$E$5:$E$243,Cadastro!$A$5:$A$243,$A3,Cadastro!$E$5:$E$243,"<="&$F3),"yyyymmdd"),Cadastro!$I$5:$I$243,0),"") -> 4 | AC3: =IFERROR(_xlfn.SINGLE(INDEX(Exceções!$D$5:$D$203,MATCH($A3&"|"&$F3,Exceções!$F$5:$F$203,0))),"") | AD3: =IF($AC3="","",IFERROR(_xlfn.SINGLE(INDEX(Exceções!$E$5:$E$203,MATCH($A3&"|"&$F3,Exceções!$F$5:$F$203,0))),""))
A4: 9218 | B4: Adriano Donizete Bento Da Silva | C4: =IFERROR(INDEX(Cadastro!$C$5:$C$243,$AB4),"NÃO INFORMADO") -> INS | D4: =IFERROR(INDEX(Cadastro!$D$5:$D$243,$AB4),"") -> Férias | E4: =IFERROR(INDEX(Cadastro!$G$5:$G$243,$AB4),"") -> Férias | F4: 46302 | G4: =CHOOSE(WEEKDAY($F4,1),"dom","seg","ter","qua","qui","sex","sáb") -> qua | H4: =IF($L4=0,"",_xlfn.MINIFS(Dados!$Q:$Q,Dados!$A:$A,$A4,Dados!$S:$S,$F4)) | I4: =IF($H4="","",_xlfn.MAXIFS(Dados!$R:$R,Dados!$A:$A,$A4,Dados!$S:$S,$F4)) | J4: =IF($D4<>"Folguista","",IFERROR(INDEX(Parâmetros!$D$52:$G$52,1,MIN(4,MAX(1,$W4))),"")) | K4: =IF(OR($AC4<>"",$Y4="Folga",$Y4="Folga trabalhada",$Y4="Férias (cadastro)",$Y4="Férias / afastamento",$Y4="Indeterminado (início da série)"),"",IF(OR($D4="6x1",$D4="FF 6x1"),IF(OR(WEEKDAY($F4,2)=6,WEEKDAY($F4,2)=7),"6x1 sáb/dom","6x1"),IF($D4="5x2","5x2",IF($H4="",IF($D4="Folguista",$J4,$E4),IF(OR($H4>=Parâmetros!$E$18,$H4<Parâmetros!$E$19),"C",IF($H4<Parâmetros!$E$20,"A","B")))))) | L4: =SUMIFS(Dados!$E:$E,Dados!$A:$A,$A4,Dados!$S:$S,$F4) -> 0 | M4: =IFERROR(INDEX(Parâmetros!$E$6:$E$11,MATCH($K4,Parâmetros!$A$6:$A$11,0)),"") | N4: =IFERROR($L4/$M4,"") | O4: =Parâmetros!$E$13 -> 0.8 | P4: =IF(OR($M4="",$F4>Parâmetros!$E$14),"Não","Sim") -> Não | Q4: =IF($P4="Não","",IF($L4>0,"Sim","Não")) | R4: =IF($Q4<>"Sim","",IF($N4>=$O4,"Sim","Não")) | S4: =IF($Q4<>"Sim","",MAX(0,$M4*$O4-$L4)) | T4: =IF($Q4<>"Sim","",IF($N4>Parâmetros!$E$15,"Sim","Não")) | U4: =IF($AC4<>"",$AC4,IF($P4="Não",IF($Y4="Folga","Folga",IF(LEFT($Y4,6)="Férias","Férias / afastamento",IF($Y4="Indeterminado (início da série)","Início da série","Fora da apuração"))),IF($Q4="Não","Falta de registro",IF($R4="Sim","Na meta","Abaixo da meta")))) -> Férias / afastamento | V4: =IF($AC4<>"",IF($L4>0,"ATENÇÃO · apontou em dia de "&LOWER($AC4)&" cadastrado","Exceção cadastrada · "&$AC4)&IF($AD4="",""," · "&$AD4),IF($E4="Férias",IF($L4>0,"ATENÇÃO · apontou estando de férias no cadastro","Férias no cadastro"),IF($Y4="Férias / afastamento","Afastamento · "&($Z4+$AA4-1)&" dias seguidos sem apontamento",IF($Y4="Folga trabalhada","ATENÇÃO · apontou em dia de folga da escala 5x2",IF($Y4="Folga",IF(AND($D4="5x2",OR(WEEKDAY($F4,2)=6,WEEKDAY($F4,2)=7)),"Folga de fim de semana da escala 5x2",IF(AND(OR($D4="6x1",$D4="FF 6x1"),WEEKDAY($F4,2)=6,FALSE()),"Folga de fim de semana · apontou no domingo anterior",IF(AND(OR($D4="6x1",$D4="FF 6x1"),WEEKDAY($F4,2)=7,AND($A4=$A3,$L3>0)),"Folga de fim de semana · apontou no sábado",IF(AND(OR($D4="6x1",$D4="FF 6x1"),OR(WEEKDAY($F4,2)=6,WEEKDAY($F4,2)=7)),"Folga de fim de semana · sem apontamento no sábado nem no domingo","Folga prevista pelo ciclo")))),IF($Y4="Indeterminado (início da série)","Sem histórico anterior — informe o dia do ciclo no Cadastro",IF($Y4="Falta de registro",IF(OR(OR($D4="6x1",$D4="FF 6x1"),$D4="5x2"),"FALTA DE REGISTRO · dia útil da escala "&$E4,"FALTA DE REGISTRO · dia "&$W4&" de "&IFERROR(INDEX(Parâmetros!$B$39:$B$48,MATCH($E4,Parâmetros!$A$39:$A$48,0)),99)&" do ciclo"),IF(OR($D4="6x1",$D4="FF 6x1"),IF(OR(AND(WEEKDAY($F4,2)=6,AND($A4=$A5,$L5>0)),AND(WEEKDAY($F4,2)=7,AND($A4=$A3,$L3>0))),"ATENÇÃO · apontou sábado e domingo no mesmo fim de semana",IF(OR(WEEKDAY($F4,2)=6,WEEKDAY($F4,2)=7),"Jornada de fim de semana do 6x1",IF(OR($H4>=Parâmetros!$E$20,$H4<Parâmetros!$E$19),"ATENÇÃO · 6x1 apontou fora do horário diurno","Jornada fixa do 6x1"))),IF($D4="5x2","Jornada fixa do 5x2",IF($D4="Folguista",IF($J4=$K4,"Evidência confirma sequência","DIVERGE · sequência "&$J4&" × evidência "&$K4),IF($K4=$E4,"Evidência confirma cadastro","DIVERGE · cadastro "&$E4&" × evidência "&$K4))))))))))) -> Férias no cadastro | W4: =IF(OR(OR($D4="6x1",$D4="FF 6x1"),$D4="5x2"),"",IF($AB4<>$AB3,IF(IFERROR(INDEX(Cadastro!$F$5:$F$243,$AB4),"")="",IF($L4>0,1,0),IF(IFERROR(INDEX(Cadastro!$F$5:$F$243,$AB4),"")<=IFERROR(INDEX(Parâmetros!$B$39:$B$48,MATCH($E4,Parâmetros!$A$39:$A$48,0)),99),IFERROR(INDEX(Cadastro!$F$5:$F$243,$AB4),""),0)),IF($L4>0,IF(N($X3)>0,1,N($W3)+1),IF(AND($L4=0,OR(N($W3)>=IFERROR(INDEX(Parâmetros!$B$39:$B$48,MATCH($E4,Parâmetros!$A$39:$A$48,0)),99),AND(N($X3)>0,N($X3)<IFERROR(INDEX(Parâmetros!$C$39:$C$48,MATCH($E4,Parâmetros!$A$39:$A$48,0)),0)))),0,N($W3)+1)))) -> 2 | X4: =IF(OR(OR($D4="6x1",$D4="FF 6x1"),$D4="5x2"),"",IF($AB4<>$AB3,IF(IFERROR(INDEX(Cadastro!$F$5:$F$243,$AB4),"")="",0,IF(IFERROR(INDEX(Cadastro!$F$5:$F$243,$AB4),"")>IFERROR(INDEX(Parâmetros!$B$39:$B$48,MATCH($E4,Parâmetros!$A$39:$A$48,0)),99),IFERROR(INDEX(Cadastro!$F$5:$F$243,$AB4),"")-IFERROR(INDEX(Parâmetros!$B$39:$B$48,MATCH($E4,Parâmetros!$A$39:$A$48,0)),99),0)),IF(AND($L4=0,OR(N($W3)>=IFERROR(INDEX(Parâmetros!$B$39:$B$48,MATCH($E4,Parâmetros!$A$39:$A$48,0)),99),AND(N($X3)>0,N($X3)<IFERROR(INDEX(Parâmetros!$C$39:$C$48,MATCH($E4,Parâmetros!$A$39:$A$48,0)),0)))),N($X3)+1,0))) -> 0 | Y4: =IF($AC4<>"",IF($L4>0,$AC4&" · com apontamento",$AC4),IF($E4="Férias",IF($L4>0,"Férias · com apontamento","Férias (cadastro)"),IF(($Z4+$AA4-1)>Parâmetros!$E$16,"Férias / afastamento",IF(AND($D4="5x2",OR(WEEKDAY($F4,2)=6,WEEKDAY($F4,2)=7)),IF($L4>0,"Folga trabalhada","Folga"),IF($L4>0,"Trabalhado",IF(OR(OR($D4="6x1",$D4="FF 6x1"),$D4="5x2"),IF(AND(OR($D4="6x1",$D4="FF 6x1"),OR(WEEKDAY($F4,2)=6,WEEKDAY($F4,2)=7)),"Folga","Falta de registro"),IF(AND($AB4<>$AB3,IFERROR(INDEX(Cadastro!$F$5:$F$243,$AB4),"")=""),"Indeterminado (início da série)",IF($X4>0,"Folga","Falta de registro")))))))) -> Férias (cadastro) | Z4: =IF(OR($L4>0,$F4>Parâmetros!$E$14),0,IF($A4<>$A3,1,N($Z3)+1)) -> 3 | AA4: =IF(OR($L4>0,$F4>Parâmetros!$E$14),0,IF(OR($A4<>$A5,$F5>Parâmetros!$E$14),1,N($AA5)+1)) -> 7 | AB4: =IFERROR(MATCH($A4&"|"&TEXT(_xlfn.MAXIFS(Cadastro!$E$5:$E$243,Cadastro!$A$5:$A$243,$A4,Cadastro!$E$5:$E$243,"<="&$F4),"yyyymmdd"),Cadastro!$I$5:$I$243,0),"") -> 4 | AC4: =IFERROR(_xlfn.SINGLE(INDEX(Exceções!$D$5:$D$203,MATCH($A4&"|"&$F4,Exceções!$F$5:$F$203,0))),"") | AD4: =IF($AC4="","",IFERROR(_xlfn.SINGLE(INDEX(Exceções!$E$5:$E$203,MATCH($A4&"|"&$F4,Exceções!$F$5:$F$203,0))),""))
A5: 9218 | B5: Adriano Donizete Bento Da Silva | C5: =IFERROR(INDEX(Cadastro!$C$5:$C$243,$AB5),"NÃO INFORMADO") -> INS | D5: =IFERROR(INDEX(Cadastro!$D$5:$D$243,$AB5),"") -> Férias | E5: =IFERROR(INDEX(Cadastro!$G$5:$G$243,$AB5),"") -> Férias | F5: 46303 | G5: =CHOOSE(WEEKDAY($F5,1),"dom","seg","ter","qua","qui","sex","sáb") -> qui | H5: =IF($L5=0,"",_xlfn.MINIFS(Dados!$Q:$Q,Dados!$A:$A,$A5,Dados!$S:$S,$F5)) | I5: =IF($H5="","",_xlfn.MAXIFS(Dados!$R:$R,Dados!$A:$A,$A5,Dados!$S:$S,$F5)) | J5: =IF($D5<>"Folguista","",IFERROR(INDEX(Parâmetros!$D$52:$G$52,1,MIN(4,MAX(1,$W5))),"")) | K5: =IF(OR($AC5<>"",$Y5="Folga",$Y5="Folga trabalhada",$Y5="Férias (cadastro)",$Y5="Férias / afastamento",$Y5="Indeterminado (início da série)"),"",IF(OR($D5="6x1",$D5="FF 6x1"),IF(OR(WEEKDAY($F5,2)=6,WEEKDAY($F5,2)=7),"6x1 sáb/dom","6x1"),IF($D5="5x2","5x2",IF($H5="",IF($D5="Folguista",$J5,$E5),IF(OR($H5>=Parâmetros!$E$18,$H5<Parâmetros!$E$19),"C",IF($H5<Parâmetros!$E$20,"A","B")))))) | L5: =SUMIFS(Dados!$E:$E,Dados!$A:$A,$A5,Dados!$S:$S,$F5) -> 0 | M5: =IFERROR(INDEX(Parâmetros!$E$6:$E$11,MATCH($K5,Parâmetros!$A$6:$A$11,0)),"") | N5: =IFERROR($L5/$M5,"") | O5: =Parâmetros!$E$13 -> 0.8 | P5: =IF(OR($M5="",$F5>Parâmetros!$E$14),"Não","Sim") -> Não | Q5: =IF($P5="Não","",IF($L5>0,"Sim","Não")) | R5: =IF($Q5<>"Sim","",IF($N5>=$O5,"Sim","Não")) | S5: =IF($Q5<>"Sim","",MAX(0,$M5*$O5-$L5)) | T5: =IF($Q5<>"Sim","",IF($N5>Parâmetros!$E$15,"Sim","Não")) | U5: =IF($AC5<>"",$AC5,IF($P5="Não",IF($Y5="Folga","Folga",IF(LEFT($Y5,6)="Férias","Férias / afastamento",IF($Y5="Indeterminado (início da série)","Início da série","Fora da apuração"))),IF($Q5="Não","Falta de registro",IF($R5="Sim","Na meta","Abaixo da meta")))) -> Férias / afastamento | V5: =IF($AC5<>"",IF($L5>0,"ATENÇÃO · apontou em dia de "&LOWER($AC5)&" cadastrado","Exceção cadastrada · "&$AC5)&IF($AD5="",""," · "&$AD5),IF($E5="Férias",IF($L5>0,"ATENÇÃO · apontou estando de férias no cadastro","Férias no cadastro"),IF($Y5="Férias / afastamento","Afastamento · "&($Z5+$AA5-1)&" dias seguidos sem apontamento",IF($Y5="Folga trabalhada","ATENÇÃO · apontou em dia de folga da escala 5x2",IF($Y5="Folga",IF(AND($D5="5x2",OR(WEEKDAY($F5,2)=6,WEEKDAY($F5,2)=7)),"Folga de fim de semana da escala 5x2",IF(AND(OR($D5="6x1",$D5="FF 6x1"),WEEKDAY($F5,2)=6,FALSE()),"Folga de fim de semana · apontou no domingo anterior",IF(AND(OR($D5="6x1",$D5="FF 6x1"),WEEKDAY($F5,2)=7,AND($A5=$A4,$L4>0)),"Folga de fim de semana · apontou no sábado",IF(AND(OR($D5="6x1",$D5="FF 6x1"),OR(WEEKDAY($F5,2)=6,WEEKDAY($F5,2)=7)),"Folga de fim de semana · sem apontamento no sábado nem no domingo","Folga prevista pelo ciclo")))),IF($Y5="Indeterminado (início da série)","Sem histórico anterior — informe o dia do ciclo no Cadastro",IF($Y5="Falta de registro",IF(OR(OR($D5="6x1",$D5="FF 6x1"),$D5="5x2"),"FALTA DE REGISTRO · dia útil da escala "&$E5,"FALTA DE REGISTRO · dia "&$W5&" de "&IFERROR(INDEX(Parâmetros!$B$39:$B$48,MATCH($E5,Parâmetros!$A$39:$A$48,0)),99)&" do ciclo"),IF(OR($D5="6x1",$D5="FF 6x1"),IF(OR(AND(WEEKDAY($F5,2)=6,AND($A5=$A6,$L6>0)),AND(WEEKDAY($F5,2)=7,AND($A5=$A4,$L4>0))),"ATENÇÃO · apontou sábado e domingo no mesmo fim de semana",IF(OR(WEEKDAY($F5,2)=6,WEEKDAY($F5,2)=7),"Jornada de fim de semana do 6x1",IF(OR($H5>=Parâmetros!$E$20,$H5<Parâmetros!$E$19),"ATENÇÃO · 6x1 apontou fora do horário diurno","Jornada fixa do 6x1"))),IF($D5="5x2","Jornada fixa do 5x2",IF($D5="Folguista",IF($J5=$K5,"Evidência confirma sequência","DIVERGE · sequência "&$J5&" × evidência "&$K5),IF($K5=$E5,"Evidência confirma cadastro","DIVERGE · cadastro "&$E5&" × evidência "&$K5))))))))))) -> Férias no cadastro | W5: =IF(OR(OR($D5="6x1",$D5="FF 6x1"),$D5="5x2"),"",IF($AB5<>$AB4,IF(IFERROR(INDEX(Cadastro!$F$5:$F$243,$AB5),"")="",IF($L5>0,1,0),IF(IFERROR(INDEX(Cadastro!$F$5:$F$243,$AB5),"")<=IFERROR(INDEX(Parâmetros!$B$39:$B$48,MATCH($E5,Parâmetros!$A$39:$A$48,0)),99),IFERROR(INDEX(Cadastro!$F$5:$F$243,$AB5),""),0)),IF($L5>0,IF(N($X4)>0,1,N($W4)+1),IF(AND($L5=0,OR(N($W4)>=IFERROR(INDEX(Parâmetros!$B$39:$B$48,MATCH($E5,Parâmetros!$A$39:$A$48,0)),99),AND(N($X4)>0,N($X4)<IFERROR(INDEX(Parâmetros!$C$39:$C$48,MATCH($E5,Parâmetros!$A$39:$A$48,0)),0)))),0,N($W4)+1)))) -> 3 | X5: =IF(OR(OR($D5="6x1",$D5="FF 6x1"),$D5="5x2"),"",IF($AB5<>$AB4,IF(IFERROR(INDEX(Cadastro!$F$5:$F$243,$AB5),"")="",0,IF(IFERROR(INDEX(Cadastro!$F$5:$F$243,$AB5),"")>IFERROR(INDEX(Parâmetros!$B$39:$B$48,MATCH($E5,Parâmetros!$A$39:$A$48,0)),99),IFERROR(INDEX(Cadastro!$F$5:$F$243,$AB5),"")-IFERROR(INDEX(Parâmetros!$B$39:$B$48,MATCH($E5,Parâmetros!$A$39:$A$48,0)),99),0)),IF(AND($L5=0,OR(N($W4)>=IFERROR(INDEX(Parâmetros!$B$39:$B$48,MATCH($E5,Parâmetros!$A$39:$A$48,0)),99),AND(N($X4)>0,N($X4)<IFERROR(INDEX(Parâmetros!$C$39:$C$48,MATCH($E5,Parâmetros!$A$39:$A$48,0)),0)))),N($X4)+1,0))) -> 0 | Y5: =IF($AC5<>"",IF($L5>0,$AC5&" · com apontamento",$AC5),IF($E5="Férias",IF($L5>0,"Férias · com apontamento","Férias (cadastro)"),IF(($Z5+$AA5-1)>Parâmetros!$E$16,"Férias / afastamento",IF(AND($D5="5x2",OR(WEEKDAY($F5,2)=6,WEEKDAY($F5,2)=7)),IF($L5>0,"Folga trabalhada","Folga"),IF($L5>0,"Trabalhado",IF(OR(OR($D5="6x1",$D5="FF 6x1"),$D5="5x2"),IF(AND(OR($D5="6x1",$D5="FF 6x1"),OR(WEEKDAY($F5,2)=6,WEEKDAY($F5,2)=7)),"Folga","Falta de registro"),IF(AND($AB5<>$AB4,IFERROR(INDEX(Cadastro!$F$5:$F$243,$AB5),"")=""),"Indeterminado (início da série)",IF($X5>0,"Folga","Falta de registro")))))))) -> Férias (cadastro) | Z5: =IF(OR($L5>0,$F5>Parâmetros!$E$14),0,IF($A5<>$A4,1,N($Z4)+1)) -> 4 | AA5: =IF(OR($L5>0,$F5>Parâmetros!$E$14),0,IF(OR($A5<>$A6,$F6>Parâmetros!$E$14),1,N($AA6)+1)) -> 6 | AB5: =IFERROR(MATCH($A5&"|"&TEXT(_xlfn.MAXIFS(Cadastro!$E$5:$E$243,Cadastro!$A$5:$A$243,$A5,Cadastro!$E$5:$E$243,"<="&$F5),"yyyymmdd"),Cadastro!$I$5:$I$243,0),"") -> 4 | AC5: =IFERROR(_xlfn.SINGLE(INDEX(Exceções!$D$5:$D$203,MATCH($A5&"|"&$F5,Exceções!$F$5:$F$203,0))),"") | AD5: =IF($AC5="","",IFERROR(_xlfn.SINGLE(INDEX(Exceções!$E$5:$E$203,MATCH($A5&"|"&$F5,Exceções!$F$5:$F$203,0))),""))
A6: 9218 | B6: Adriano Donizete Bento Da Silva | C6: =IFERROR(INDEX(Cadastro!$C$5:$C$243,$AB6),"NÃO INFORMADO") -> INS | D6: =IFERROR(INDEX(Cadastro!$D$5:$D$243,$AB6),"") -> Férias | E6: =IFERROR(INDEX(Cadastro!$G$5:$G$243,$AB6),"") -> Férias | F6: 46304 | G6: =CHOOSE(WEEKDAY($F6,1),"dom","seg","ter","qua","qui","sex","sáb") -> sex | H6: =IF($L6=0,"",_xlfn.MINIFS(Dados!$Q:$Q,Dados!$A:$A,$A6,Dados!$S:$S,$F6)) | I6: =IF($H6="","",_xlfn.MAXIFS(Dados!$R:$R,Dados!$A:$A,$A6,Dados!$S:$S,$F6)) | J6: =IF($D6<>"Folguista","",IFERROR(INDEX(Parâmetros!$D$52:$G$52,1,MIN(4,MAX(1,$W6))),"")) | K6: =IF(OR($AC6<>"",$Y6="Folga",$Y6="Folga trabalhada",$Y6="Férias (cadastro)",$Y6="Férias / afastamento",$Y6="Indeterminado (início da série)"),"",IF(OR($D6="6x1",$D6="FF 6x1"),IF(OR(WEEKDAY($F6,2)=6,WEEKDAY($F6,2)=7),"6x1 sáb/dom","6x1"),IF($D6="5x2","5x2",IF($H6="",IF($D6="Folguista",$J6,$E6),IF(OR($H6>=Parâmetros!$E$18,$H6<Parâmetros!$E$19),"C",IF($H6<Parâmetros!$E$20,"A","B")))))) | L6: =SUMIFS(Dados!$E:$E,Dados!$A:$A,$A6,Dados!$S:$S,$F6) -> 0 | M6: =IFERROR(INDEX(Parâmetros!$E$6:$E$11,MATCH($K6,Parâmetros!$A$6:$A$11,0)),"") | N6: =IFERROR($L6/$M6,"") | O6: =Parâmetros!$E$13 -> 0.8 | P6: =IF(OR($M6="",$F6>Parâmetros!$E$14),"Não","Sim") -> Não | Q6: =IF($P6="Não","",IF($L6>0,"Sim","Não")) | R6: =IF($Q6<>"Sim","",IF($N6>=$O6,"Sim","Não")) | S6: =IF($Q6<>"Sim","",MAX(0,$M6*$O6-$L6)) | T6: =IF($Q6<>"Sim","",IF($N6>Parâmetros!$E$15,"Sim","Não")) | U6: =IF($AC6<>"",$AC6,IF($P6="Não",IF($Y6="Folga","Folga",IF(LEFT($Y6,6)="Férias","Férias / afastamento",IF($Y6="Indeterminado (início da série)","Início da série","Fora da apuração"))),IF($Q6="Não","Falta de registro",IF($R6="Sim","Na meta","Abaixo da meta")))) -> Férias / afastamento | V6: =IF($AC6<>"",IF($L6>0,"ATENÇÃO · apontou em dia de "&LOWER($AC6)&" cadastrado","Exceção cadastrada · "&$AC6)&IF($AD6="",""," · "&$AD6),IF($E6="Férias",IF($L6>0,"ATENÇÃO · apontou estando de férias no cadastro","Férias no cadastro"),IF($Y6="Férias / afastamento","Afastamento · "&($Z6+$AA6-1)&" dias seguidos sem apontamento",IF($Y6="Folga trabalhada","ATENÇÃO · apontou em dia de folga da escala 5x2",IF($Y6="Folga",IF(AND($D6="5x2",OR(WEEKDAY($F6,2)=6,WEEKDAY($F6,2)=7)),"Folga de fim de semana da escala 5x2",IF(AND(OR($D6="6x1",$D6="FF 6x1"),WEEKDAY($F6,2)=6,FALSE()),"Folga de fim de semana · apontou no domingo anterior",IF(AND(OR($D6="6x1",$D6="FF 6x1"),WEEKDAY($F6,2)=7,AND($A6=$A5,$L5>0)),"Folga de fim de semana · apontou no sábado",IF(AND(OR($D6="6x1",$D6="FF 6x1"),OR(WEEKDAY($F6,2)=6,WEEKDAY($F6,2)=7)),"Folga de fim de semana · sem apontamento no sábado nem no domingo","Folga prevista pelo ciclo")))),IF($Y6="Indeterminado (início da série)","Sem histórico anterior — informe o dia do ciclo no Cadastro",IF($Y6="Falta de registro",IF(OR(OR($D6="6x1",$D6="FF 6x1"),$D6="5x2"),"FALTA DE REGISTRO · dia útil da escala "&$E6,"FALTA DE REGISTRO · dia "&$W6&" de "&IFERROR(INDEX(Parâmetros!$B$39:$B$48,MATCH($E6,Parâmetros!$A$39:$A$48,0)),99)&" do ciclo"),IF(OR($D6="6x1",$D6="FF 6x1"),IF(OR(AND(WEEKDAY($F6,2)=6,AND($A6=$A7,$L7>0)),AND(WEEKDAY($F6,2)=7,AND($A6=$A5,$L5>0))),"ATENÇÃO · apontou sábado e domingo no mesmo fim de semana",IF(OR(WEEKDAY($F6,2)=6,WEEKDAY($F6,2)=7),"Jornada de fim de semana do 6x1",IF(OR($H6>=Parâmetros!$E$20,$H6<Parâmetros!$E$19),"ATENÇÃO · 6x1 apontou fora do horário diurno","Jornada fixa do 6x1"))),IF($D6="5x2","Jornada fixa do 5x2",IF($D6="Folguista",IF($J6=$K6,"Evidência confirma sequência","DIVERGE · sequência "&$J6&" × evidência "&$K6),IF($K6=$E6,"Evidência confirma cadastro","DIVERGE · cadastro "&$E6&" × evidência "&$K6))))))))))) -> Férias no cadastro | W6: =IF(OR(OR($D6="6x1",$D6="FF 6x1"),$D6="5x2"),"",IF($AB6<>$AB5,IF(IFERROR(INDEX(Cadastro!$F$5:$F$243,$AB6),"")="",IF($L6>0,1,0),IF(IFERROR(INDEX(Cadastro!$F$5:$F$243,$AB6),"")<=IFERROR(INDEX(Parâmetros!$B$39:$B$48,MATCH($E6,Parâmetros!$A$39:$A$48,0)),99),IFERROR(INDEX(Cadastro!$F$5:$F$243,$AB6),""),0)),IF($L6>0,IF(N($X5)>0,1,N($W5)+1),IF(AND($L6=0,OR(N($W5)>=IFERROR(INDEX(Parâmetros!$B$39:$B$48,MATCH($E6,Parâmetros!$A$39:$A$48,0)),99),AND(N($X5)>0,N($X5)<IFERROR(INDEX(Parâmetros!$C$39:$C$48,MATCH($E6,Parâmetros!$A$39:$A$48,0)),0)))),0,N($W5)+1)))) -> 4 | X6: =IF(OR(OR($D6="6x1",$D6="FF 6x1"),$D6="5x2"),"",IF($AB6<>$AB5,IF(IFERROR(INDEX(Cadastro!$F$5:$F$243,$AB6),"")="",0,IF(IFERROR(INDEX(Cadastro!$F$5:$F$243,$AB6),"")>IFERROR(INDEX(Parâmetros!$B$39:$B$48,MATCH($E6,Parâmetros!$A$39:$A$48,0)),99),IFERROR(INDEX(Cadastro!$F$5:$F$243,$AB6),"")-IFERROR(INDEX(Parâmetros!$B$39:$B$48,MATCH($E6,Parâmetros!$A$39:$A$48,0)),99),0)),IF(AND($L6=0,OR(N($W5)>=IFERROR(INDEX(Parâmetros!$B$39:$B$48,MATCH($E6,Parâmetros!$A$39:$A$48,0)),99),AND(N($X5)>0,N($X5)<IFERROR(INDEX(Parâmetros!$C$39:$C$48,MATCH($E6,Parâmetros!$A$39:$A$48,0)),0)))),N($X5)+1,0))) -> 0 | Y6: =IF($AC6<>"",IF($L6>0,$AC6&" · com apontamento",$AC6),IF($E6="Férias",IF($L6>0,"Férias · com apontamento","Férias (cadastro)"),IF(($Z6+$AA6-1)>Parâmetros!$E$16,"Férias / afastamento",IF(AND($D6="5x2",OR(WEEKDAY($F6,2)=6,WEEKDAY($F6,2)=7)),IF($L6>0,"Folga trabalhada","Folga"),IF($L6>0,"Trabalhado",IF(OR(OR($D6="6x1",$D6="FF 6x1"),$D6="5x2"),IF(AND(OR($D6="6x1",$D6="FF 6x1"),OR(WEEKDAY($F6,2)=6,WEEKDAY($F6,2)=7)),"Folga","Falta de registro"),IF(AND($AB6<>$AB5,IFERROR(INDEX(Cadastro!$F$5:$F$243,$AB6),"")=""),"Indeterminado (início da série)",IF($X6>0,"Folga","Falta de registro")))))))) -> Férias (cadastro) | Z6: =IF(OR($L6>0,$F6>Parâmetros!$E$14),0,IF($A6<>$A5,1,N($Z5)+1)) -> 5 | AA6: =IF(OR($L6>0,$F6>Parâmetros!$E$14),0,IF(OR($A6<>$A7,$F7>Parâmetros!$E$14),1,N($AA7)+1)) -> 5 | AB6: =IFERROR(MATCH($A6&"|"&TEXT(_xlfn.MAXIFS(Cadastro!$E$5:$E$243,Cadastro!$A$5:$A$243,$A6,Cadastro!$E$5:$E$243,"<="&$F6),"yyyymmdd"),Cadastro!$I$5:$I$243,0),"") -> 4 | AC6: =IFERROR(_xlfn.SINGLE(INDEX(Exceções!$D$5:$D$203,MATCH($A6&"|"&$F6,Exceções!$F$5:$F$203,0))),"") | AD6: =IF($AC6="","",IFERROR(_xlfn.SINGLE(INDEX(Exceções!$E$5:$E$203,MATCH($A6&"|"&$F6,Exceções!$F$5:$F$203,0))),""))
A7: 9218 | B7: Adriano Donizete Bento Da Silva | C7: =IFERROR(INDEX(Cadastro!$C$5:$C$243,$AB7),"NÃO INFORMADO") -> INS | D7: =IFERROR(INDEX(Cadastro!$D$5:$D$243,$AB7),"") -> Férias | E7: =IFERROR(INDEX(Cadastro!$G$5:$G$243,$AB7),"") -> Férias | F7: 46305 | G7: =CHOOSE(WEEKDAY($F7,1),"dom","seg","ter","qua","qui","sex","sáb") -> sáb | H7: =IF($L7=0,"",_xlfn.MINIFS(Dados!$Q:$Q,Dados!$A:$A,$A7,Dados!$S:$S,$F7)) | I7: =IF($H7="","",_xlfn.MAXIFS(Dados!$R:$R,Dados!$A:$A,$A7,Dados!$S:$S,$F7)) | J7: =IF($D7<>"Folguista","",IFERROR(INDEX(Parâmetros!$D$52:$G$52,1,MIN(4,MAX(1,$W7))),"")) | K7: =IF(OR($AC7<>"",$Y7="Folga",$Y7="Folga trabalhada",$Y7="Férias (cadastro)",$Y7="Férias / afastamento",$Y7="Indeterminado (início da série)"),"",IF(OR($D7="6x1",$D7="FF 6x1"),IF(OR(WEEKDAY($F7,2)=6,WEEKDAY($F7,2)=7),"6x1 sáb/dom","6x1"),IF($D7="5x2","5x2",IF($H7="",IF($D7="Folguista",$J7,$E7),IF(OR($H7>=Parâmetros!$E$18,$H7<Parâmetros!$E$19),"C",IF($H7<Parâmetros!$E$20,"A","B")))))) | L7: =SUMIFS(Dados!$E:$E,Dados!$A:$A,$A7,Dados!$S:$S,$F7) -> 0 | M7: =IFERROR(INDEX(Parâmetros!$E$6:$E$11,MATCH($K7,Parâmetros!$A$6:$A$11,0)),"") | N7: =IFERROR($L7/$M7,"") | O7: =Parâmetros!$E$13 -> 0.8 | P7: =IF(OR($M7="",$F7>Parâmetros!$E$14),"Não","Sim") -> Não | Q7: =IF($P7="Não","",IF($L7>0,"Sim","Não")) | R7: =IF($Q7<>"Sim","",IF($N7>=$O7,"Sim","Não")) | S7: =IF($Q7<>"Sim","",MAX(0,$M7*$O7-$L7)) | T7: =IF($Q7<>"Sim","",IF($N7>Parâmetros!$E$15,"Sim","Não")) | U7: =IF($AC7<>"",$AC7,IF($P7="Não",IF($Y7="Folga","Folga",IF(LEFT($Y7,6)="Férias","Férias / afastamento",IF($Y7="Indeterminado (início da série)","Início da série","Fora da apuração"))),IF($Q7="Não","Falta de registro",IF($R7="Sim","Na meta","Abaixo da meta")))) -> Férias / afastamento | V7: =IF($AC7<>"",IF($L7>0,"ATENÇÃO · apontou em dia de "&LOWER($AC7)&" cadastrado","Exceção cadastrada · "&$AC7)&IF($AD7="",""," · "&$AD7),IF($E7="Férias",IF($L7>0,"ATENÇÃO · apontou estando de férias no cadastro","Férias no cadastro"),IF($Y7="Férias / afastamento","Afastamento · "&($Z7+$AA7-1)&" dias seguidos sem apontamento",IF($Y7="Folga trabalhada","ATENÇÃO · apontou em dia de folga da escala 5x2",IF($Y7="Folga",IF(AND($D7="5x2",OR(WEEKDAY($F7,2)=6,WEEKDAY($F7,2)=7)),"Folga de fim de semana da escala 5x2",IF(AND(OR($D7="6x1",$D7="FF 6x1"),WEEKDAY($F7,2)=6,FALSE()),"Folga de fim de semana · apontou no domingo anterior",IF(AND(OR($D7="6x1",$D7="FF 6x1"),WEEKDAY($F7,2)=7,AND($A7=$A6,$L6>0)),"Folga de fim de semana · apontou no sábado",IF(AND(OR($D7="6x1",$D7="FF 6x1"),OR(WEEKDAY($F7,2)=6,WEEKDAY($F7,2)=7)),"Folga de fim de semana · sem apontamento no sábado nem no domingo","Folga prevista pelo ciclo")))),IF($Y7="Indeterminado (início da série)","Sem histórico anterior — informe o dia do ciclo no Cadastro",IF($Y7="Falta de registro",IF(OR(OR($D7="6x1",$D7="FF 6x1"),$D7="5x2"),"FALTA DE REGISTRO · dia útil da escala "&$E7,"FALTA DE REGISTRO · dia "&$W7&" de "&IFERROR(INDEX(Parâmetros!$B$39:$B$48,MATCH($E7,Parâmetros!$A$39:$A$48,0)),99)&" do ciclo"),IF(OR($D7="6x1",$D7="FF 6x1"),IF(OR(AND(WEEKDAY($F7,2)=6,AND($A7=$A8,$L8>0)),AND(WEEKDAY($F7,2)=7,AND($A7=$A6,$L6>0))),"ATENÇÃO · apontou sábado e domingo no mesmo fim de semana",IF(OR(WEEKDAY($F7,2)=6,WEEKDAY($F7,2)=7),"Jornada de fim de semana do 6x1",IF(OR($H7>=Parâmetros!$E$20,$H7<Parâmetros!$E$19),"ATENÇÃO · 6x1 apontou fora do horário diurno","Jornada fixa do 6x1"))),IF($D7="5x2","Jornada fixa do 5x2",IF($D7="Folguista",IF($J7=$K7,"Evidência confirma sequência","DIVERGE · sequência "&$J7&" × evidência "&$K7),IF($K7=$E7,"Evidência confirma cadastro","DIVERGE · cadastro "&$E7&" × evidência "&$K7))))))))))) -> Férias no cadastro | W7: =IF(OR(OR($D7="6x1",$D7="FF 6x1"),$D7="5x2"),"",IF($AB7<>$AB6,IF(IFERROR(INDEX(Cadastro!$F$5:$F$243,$AB7),"")="",IF($L7>0,1,0),IF(IFERROR(INDEX(Cadastro!$F$5:$F$243,$AB7),"")<=IFERROR(INDEX(Parâmetros!$B$39:$B$48,MATCH($E7,Parâmetros!$A$39:$A$48,0)),99),IFERROR(INDEX(Cadastro!$F$5:$F$243,$AB7),""),0)),IF($L7>0,IF(N($X6)>0,1,N($W6)+1),IF(AND($L7=0,OR(N($W6)>=IFERROR(INDEX(Parâmetros!$B$39:$B$48,MATCH($E7,Parâmetros!$A$39:$A$48,0)),99),AND(N($X6)>0,N($X6)<IFERROR(INDEX(Parâmetros!$C$39:$C$48,MATCH($E7,Parâmetros!$A$39:$A$48,0)),0)))),0,N($W6)+1)))) -> 5 | X7: =IF(OR(OR($D7="6x1",$D7="FF 6x1"),$D7="5x2"),"",IF($AB7<>$AB6,IF(IFERROR(INDEX(Cadastro!$F$5:$F$243,$AB7),"")="",0,IF(IFERROR(INDEX(Cadastro!$F$5:$F$243,$AB7),"")>IFERROR(INDEX(Parâmetros!$B$39:$B$48,MATCH($E7,Parâmetros!$A$39:$A$48,0)),99),IFERROR(INDEX(Cadastro!$F$5:$F$243,$AB7),"")-IFERROR(INDEX(Parâmetros!$B$39:$B$48,MATCH($E7,Parâmetros!$A$39:$A$48,0)),99),0)),IF(AND($L7=0,OR(N($W6)>=IFERROR(INDEX(Parâmetros!$B$39:$B$48,MATCH($E7,Parâmetros!$A$39:$A$48,0)),99),AND(N($X6)>0,N($X6)<IFERROR(INDEX(Parâmetros!$C$39:$C$48,MATCH($E7,Parâmetros!$A$39:$A$48,0)),0)))),N($X6)+1,0))) -> 0 | Y7: =IF($AC7<>"",IF($L7>0,$AC7&" · com apontamento",$AC7),IF($E7="Férias",IF($L7>0,"Férias · com apontamento","Férias (cadastro)"),IF(($Z7+$AA7-1)>Parâmetros!$E$16,"Férias / afastamento",IF(AND($D7="5x2",OR(WEEKDAY($F7,2)=6,WEEKDAY($F7,2)=7)),IF($L7>0,"Folga trabalhada","Folga"),IF($L7>0,"Trabalhado",IF(OR(OR($D7="6x1",$D7="FF 6x1"),$D7="5x2"),IF(AND(OR($D7="6x1",$D7="FF 6x1"),OR(WEEKDAY($F7,2)=6,WEEKDAY($F7,2)=7)),"Folga","Falta de registro"),IF(AND($AB7<>$AB6,IFERROR(INDEX(Cadastro!$F$5:$F$243,$AB7),"")=""),"Indeterminado (início da série)",IF($X7>0,"Folga","Falta de registro")))))))) -> Férias (cadastro) | Z7: =IF(OR($L7>0,$F7>Parâmetros!$E$14),0,IF($A7<>$A6,1,N($Z6)+1)) -> 6 | AA7: =IF(OR($L7>0,$F7>Parâmetros!$E$14),0,IF(OR($A7<>$A8,$F8>Parâmetros!$E$14),1,N($AA8)+1)) -> 4 | AB7: =IFERROR(MATCH($A7&"|"&TEXT(_xlfn.MAXIFS(Cadastro!$E$5:$E$243,Cadastro!$A$5:$A$243,$A7,Cadastro!$E$5:$E$243,"<="&$F7),"yyyymmdd"),Cadastro!$I$5:$I$243,0),"") -> 4 | AC7: =IFERROR(_xlfn.SINGLE(INDEX(Exceções!$D$5:$D$203,MATCH($A7&"|"&$F7,Exceções!$F$5:$F$203,0))),"") | AD7: =IF($AC7="","",IFERROR(_xlfn.SINGLE(INDEX(Exceções!$E$5:$E$203,MATCH($A7&"|"&$F7,Exceções!$F$5:$F$203,0))),""))
A8: 9218 | B8: Adriano Donizete Bento Da Silva | C8: =IFERROR(INDEX(Cadastro!$C$5:$C$243,$AB8),"NÃO INFORMADO") -> INS | D8: =IFERROR(INDEX(Cadastro!$D$5:$D$243,$AB8),"") -> Férias | E8: =IFERROR(INDEX(Cadastro!$G$5:$G$243,$AB8),"") -> Férias | F8: 46306 | G8: =CHOOSE(WEEKDAY($F8,1),"dom","seg","ter","qua","qui","sex","sáb") -> dom | H8: =IF($L8=0,"",_xlfn.MINIFS(Dados!$Q:$Q,Dados!$A:$A,$A8,Dados!$S:$S,$F8)) | I8: =IF($H8="","",_xlfn.MAXIFS(Dados!$R:$R,Dados!$A:$A,$A8,Dados!$S:$S,$F8)) | J8: =IF($D8<>"Folguista","",IFERROR(INDEX(Parâmetros!$D$52:$G$52,1,MIN(4,MAX(1,$W8))),"")) | K8: =IF(OR($AC8<>"",$Y8="Folga",$Y8="Folga trabalhada",$Y8="Férias (cadastro)",$Y8="Férias / afastamento",$Y8="Indeterminado (início da série)"),"",IF(OR($D8="6x1",$D8="FF 6x1"),IF(OR(WEEKDAY($F8,2)=6,WEEKDAY($F8,2)=7),"6x1 sáb/dom","6x1"),IF($D8="5x2","5x2",IF($H8="",IF($D8="Folguista",$J8,$E8),IF(OR($H8>=Parâmetros!$E$18,$H8<Parâmetros!$E$19),"C",IF($H8<Parâmetros!$E$20,"A","B")))))) | L8: =SUMIFS(Dados!$E:$E,Dados!$A:$A,$A8,Dados!$S:$S,$F8) -> 0 | M8: =IFERROR(INDEX(Parâmetros!$E$6:$E$11,MATCH($K8,Parâmetros!$A$6:$A$11,0)),"") | N8: =IFERROR($L8/$M8,"") | O8: =Parâmetros!$E$13 -> 0.8 | P8: =IF(OR($M8="",$F8>Parâmetros!$E$14),"Não","Sim") -> Não | Q8: =IF($P8="Não","",IF($L8>0,"Sim","Não")) | R8: =IF($Q8<>"Sim","",IF($N8>=$O8,"Sim","Não")) | S8: =IF($Q8<>"Sim","",MAX(0,$M8*$O8-$L8)) | T8: =IF($Q8<>"Sim","",IF($N8>Parâmetros!$E$15,"Sim","Não")) | U8: =IF($AC8<>"",$AC8,IF($P8="Não",IF($Y8="Folga","Folga",IF(LEFT($Y8,6)="Férias","Férias / afastamento",IF($Y8="Indeterminado (início da série)","Início da série","Fora da apuração"))),IF($Q8="Não","Falta de registro",IF($R8="Sim","Na meta","Abaixo da meta")))) -> Férias / afastamento | V8: =IF($AC8<>"",IF($L8>0,"ATENÇÃO · apontou em dia de "&LOWER($AC8)&" cadastrado","Exceção cadastrada · "&$AC8)&IF($AD8="",""," · "&$AD8),IF($E8="Férias",IF($L8>0,"ATENÇÃO · apontou estando de férias no cadastro","Férias no cadastro"),IF($Y8="Férias / afastamento","Afastamento · "&($Z8+$AA8-1)&" dias seguidos sem apontamento",IF($Y8="Folga trabalhada","ATENÇÃO · apontou em dia de folga da escala 5x2",IF($Y8="Folga",IF(AND($D8="5x2",OR(WEEKDAY($F8,2)=6,WEEKDAY($F8,2)=7)),"Folga de fim de semana da escala 5x2",IF(AND(OR($D8="6x1",$D8="FF 6x1"),WEEKDAY($F8,2)=6,FALSE()),"Folga de fim de semana · apontou no domingo anterior",IF(AND(OR($D8="6x1",$D8="FF 6x1"),WEEKDAY($F8,2)=7,AND($A8=$A7,$L7>0)),"Folga de fim de semana · apontou no sábado",IF(AND(OR($D8="6x1",$D8="FF 6x1"),OR(WEEKDAY($F8,2)=6,WEEKDAY($F8,2)=7)),"Folga de fim de semana · sem apontamento no sábado nem no domingo","Folga prevista pelo ciclo")))),IF($Y8="Indeterminado (início da série)","Sem histórico anterior — informe o dia do ciclo no Cadastro",IF($Y8="Falta de registro",IF(OR(OR($D8="6x1",$D8="FF 6x1"),$D8="5x2"),"FALTA DE REGISTRO · dia útil da escala "&$E8,"FALTA DE REGISTRO · dia "&$W8&" de "&IFERROR(INDEX(Parâmetros!$B$39:$B$48,MATCH($E8,Parâmetros!$A$39:$A$48,0)),99)&" do ciclo"),IF(OR($D8="6x1",$D8="FF 6x1"),IF(OR(AND(WEEKDAY($F8,2)=6,AND($A8=$A9,$L9>0)),AND(WEEKDAY($F8,2)=7,AND($A8=$A7,$L7>0))),"ATENÇÃO · apontou sábado e domingo no mesmo fim de semana",IF(OR(WEEKDAY($F8,2)=6,WEEKDAY($F8,2)=7),"Jornada de fim de semana do 6x1",IF(OR($H8>=Parâmetros!$E$20,$H8<Parâmetros!$E$19),"ATENÇÃO · 6x1 apontou fora do horário diurno","Jornada fixa do 6x1"))),IF($D8="5x2","Jornada fixa do 5x2",IF($D8="Folguista",IF($J8=$K8,"Evidência confirma sequência","DIVERGE · sequência "&$J8&" × evidência "&$K8),IF($K8=$E8,"Evidência confirma cadastro","DIVERGE · cadastro "&$E8&" × evidência "&$K8))))))))))) -> Férias no cadastro | W8: =IF(OR(OR($D8="6x1",$D8="FF 6x1"),$D8="5x2"),"",IF($AB8<>$AB7,IF(IFERROR(INDEX(Cadastro!$F$5:$F$243,$AB8),"")="",IF($L8>0,1,0),IF(IFERROR(INDEX(Cadastro!$F$5:$F$243,$AB8),"")<=IFERROR(INDEX(Parâmetros!$B$39:$B$48,MATCH($E8,Parâmetros!$A$39:$A$48,0)),99),IFERROR(INDEX(Cadastro!$F$5:$F$243,$AB8),""),0)),IF($L8>0,IF(N($X7)>0,1,N($W7)+1),IF(AND($L8=0,OR(N($W7)>=IFERROR(INDEX(Parâmetros!$B$39:$B$48,MATCH($E8,Parâmetros!$A$39:$A$48,0)),99),AND(N($X7)>0,N($X7)<IFERROR(INDEX(Parâmetros!$C$39:$C$48,MATCH($E8,Parâmetros!$A$39:$A$48,0)),0)))),0,N($W7)+1)))) -> 6 | X8: =IF(OR(OR($D8="6x1",$D8="FF 6x1"),$D8="5x2"),"",IF($AB8<>$AB7,IF(IFERROR(INDEX(Cadastro!$F$5:$F$243,$AB8),"")="",0,IF(IFERROR(INDEX(Cadastro!$F$5:$F$243,$AB8),"")>IFERROR(INDEX(Parâmetros!$B$39:$B$48,MATCH($E8,Parâmetros!$A$39:$A$48,0)),99),IFERROR(INDEX(Cadastro!$F$5:$F$243,$AB8),"")-IFERROR(INDEX(Parâmetros!$B$39:$B$48,MATCH($E8,Parâmetros!$A$39:$A$48,0)),99),0)),IF(AND($L8=0,OR(N($W7)>=IFERROR(INDEX(Parâmetros!$B$39:$B$48,MATCH($E8,Parâmetros!$A$39:$A$48,0)),99),AND(N($X7)>0,N($X7)<IFERROR(INDEX(Parâmetros!$C$39:$C$48,MATCH($E8,Parâmetros!$A$39:$A$48,0)),0)))),N($X7)+1,0))) -> 0 | Y8: =IF($AC8<>"",IF($L8>0,$AC8&" · com apontamento",$AC8),IF($E8="Férias",IF($L8>0,"Férias · com apontamento","Férias (cadastro)"),IF(($Z8+$AA8-1)>Parâmetros!$E$16,"Férias / afastamento",IF(AND($D8="5x2",OR(WEEKDAY($F8,2)=6,WEEKDAY($F8,2)=7)),IF($L8>0,"Folga trabalhada","Folga"),IF($L8>0,"Trabalhado",IF(OR(OR($D8="6x1",$D8="FF 6x1"),$D8="5x2"),IF(AND(OR($D8="6x1",$D8="FF 6x1"),OR(WEEKDAY($F8,2)=6,WEEKDAY($F8,2)=7)),"Folga","Falta de registro"),IF(AND($AB8<>$AB7,IFERROR(INDEX(Cadastro!$F$5:$F$243,$AB8),"")=""),"Indeterminado (início da série)",IF($X8>0,"Folga","Falta de registro")))))))) -> Férias (cadastro) | Z8: =IF(OR($L8>0,$F8>Parâmetros!$E$14),0,IF($A8<>$A7,1,N($Z7)+1)) -> 7 | AA8: =IF(OR($L8>0,$F8>Parâmetros!$E$14),0,IF(OR($A8<>$A9,$F9>Parâmetros!$E$14),1,N($AA9)+1)) -> 3 | AB8: =IFERROR(MATCH($A8&"|"&TEXT(_xlfn.MAXIFS(Cadastro!$E$5:$E$243,Cadastro!$A$5:$A$243,$A8,Cadastro!$E$5:$E$243,"<="&$F8),"yyyymmdd"),Cadastro!$I$5:$I$243,0),"") -> 4 | AC8: =IFERROR(_xlfn.SINGLE(INDEX(Exceções!$D$5:$D$203,MATCH($A8&"|"&$F8,Exceções!$F$5:$F$203,0))),"") | AD8: =IF($AC8="","",IFERROR(_xlfn.SINGLE(INDEX(Exceções!$E$5:$E$203,MATCH($A8&"|"&$F8,Exceções!$F$5:$F$203,0))),""))
A9: 9218 | B9: Adriano Donizete Bento Da Silva | C9: =IFERROR(INDEX(Cadastro!$C$5:$C$243,$AB9),"NÃO INFORMADO") -> INS | D9: =IFERROR(INDEX(Cadastro!$D$5:$D$243,$AB9),"") -> Férias | E9: =IFERROR(INDEX(Cadastro!$G$5:$G$243,$AB9),"") -> Férias | F9: 46307 | G9: =CHOOSE(WEEKDAY($F9,1),"dom","seg","ter","qua","qui","sex","sáb") -> seg | H9: =IF($L9=0,"",_xlfn.MINIFS(Dados!$Q:$Q,Dados!$A:$A,$A9,Dados!$S:$S,$F9)) | I9: =IF($H9="","",_xlfn.MAXIFS(Dados!$R:$R,Dados!$A:$A,$A9,Dados!$S:$S,$F9)) | J9: =IF($D9<>"Folguista","",IFERROR(INDEX(Parâmetros!$D$52:$G$52,1,MIN(4,MAX(1,$W9))),"")) | K9: =IF(OR($AC9<>"",$Y9="Folga",$Y9="Folga trabalhada",$Y9="Férias (cadastro)",$Y9="Férias / afastamento",$Y9="Indeterminado (início da série)"),"",IF(OR($D9="6x1",$D9="FF 6x1"),IF(OR(WEEKDAY($F9,2)=6,WEEKDAY($F9,2)=7),"6x1 sáb/dom","6x1"),IF($D9="5x2","5x2",IF($H9="",IF($D9="Folguista",$J9,$E9),IF(OR($H9>=Parâmetros!$E$18,$H9<Parâmetros!$E$19),"C",IF($H9<Parâmetros!$E$20,"A","B")))))) | L9: =SUMIFS(Dados!$E:$E,Dados!$A:$A,$A9,Dados!$S:$S,$F9) -> 0 | M9: =IFERROR(INDEX(Parâmetros!$E$6:$E$11,MATCH($K9,Parâmetros!$A$6:$A$11,0)),"") | N9: =IFERROR($L9/$M9,"") | O9: =Parâmetros!$E$13 -> 0.8 | P9: =IF(OR($M9="",$F9>Parâmetros!$E$14),"Não","Sim") -> Não | Q9: =IF($P9="Não","",IF($L9>0,"Sim","Não")) | R9: =IF($Q9<>"Sim","",IF($N9>=$O9,"Sim","Não")) | S9: =IF($Q9<>"Sim","",MAX(0,$M9*$O9-$L9)) | T9: =IF($Q9<>"Sim","",IF($N9>Parâmetros!$E$15,"Sim","Não")) | U9: =IF($AC9<>"",$AC9,IF($P9="Não",IF($Y9="Folga","Folga",IF(LEFT($Y9,6)="Férias","Férias / afastamento",IF($Y9="Indeterminado (início da série)","Início da série","Fora da apuração"))),IF($Q9="Não","Falta de registro",IF($R9="Sim","Na meta","Abaixo da meta")))) -> Férias / afastamento | V9: =IF($AC9<>"",IF($L9>0,"ATENÇÃO · apontou em dia de "&LOWER($AC9)&" cadastrado","Exceção cadastrada · "&$AC9)&IF($AD9="",""," · "&$AD9),IF($E9="Férias",IF($L9>0,"ATENÇÃO · apontou estando de férias no cadastro","Férias no cadastro"),IF($Y9="Férias / afastamento","Afastamento · "&($Z9+$AA9-1)&" dias seguidos sem apontamento",IF($Y9="Folga trabalhada","ATENÇÃO · apontou em dia de folga da escala 5x2",IF($Y9="Folga",IF(AND($D9="5x2",OR(WEEKDAY($F9,2)=6,WEEKDAY($F9,2)=7)),"Folga de fim de semana da escala 5x2",IF(AND(OR($D9="6x1",$D9="FF 6x1"),WEEKDAY($F9,2)=6,FALSE()),"Folga de fim de semana · apontou no domingo anterior",IF(AND(OR($D9="6x1",$D9="FF 6x1"),WEEKDAY($F9,2)=7,AND($A9=$A8,$L8>0)),"Folga de fim de semana · apontou no sábado",IF(AND(OR($D9="6x1",$D9="FF 6x1"),OR(WEEKDAY($F9,2)=6,WEEKDAY($F9,2)=7)),"Folga de fim de semana · sem apontamento no sábado nem no domingo","Folga prevista pelo ciclo")))),IF($Y9="Indeterminado (início da série)","Sem histórico anterior — informe o dia do ciclo no Cadastro",IF($Y9="Falta de registro",IF(OR(OR($D9="6x1",$D9="FF 6x1"),$D9="5x2"),"FALTA DE REGISTRO · dia útil da escala "&$E9,"FALTA DE REGISTRO · dia "&$W9&" de "&IFERROR(INDEX(Parâmetros!$B$39:$B$48,MATCH($E9,Parâmetros!$A$39:$A$48,0)),99)&" do ciclo"),IF(OR($D9="6x1",$D9="FF 6x1"),IF(OR(AND(WEEKDAY($F9,2)=6,AND($A9=$A10,$L10>0)),AND(WEEKDAY($F9,2)=7,AND($A9=$A8,$L8>0))),"ATENÇÃO · apontou sábado e domingo no mesmo fim de semana",IF(OR(WEEKDAY($F9,2)=6,WEEKDAY($F9,2)=7),"Jornada de fim de semana do 6x1",IF(OR($H9>=Parâmetros!$E$20,$H9<Parâmetros!$E$19),"ATENÇÃO · 6x1 apontou fora do horário diurno","Jornada fixa do 6x1"))),IF($D9="5x2","Jornada fixa do 5x2",IF($D9="Folguista",IF($J9=$K9,"Evidência confirma sequência","DIVERGE · sequência "&$J9&" × evidência "&$K9),IF($K9=$E9,"Evidência confirma cadastro","DIVERGE · cadastro "&$E9&" × evidência "&$K9))))))))))) -> Férias no cadastro | W9: =IF(OR(OR($D9="6x1",$D9="FF 6x1"),$D9="5x2"),"",IF($AB9<>$AB8,IF(IFERROR(INDEX(Cadastro!$F$5:$F$243,$AB9),"")="",IF($L9>0,1,0),IF(IFERROR(INDEX(Cadastro!$F$5:$F$243,$AB9),"")<=IFERROR(INDEX(Parâmetros!$B$39:$B$48,MATCH($E9,Parâmetros!$A$39:$A$48,0)),99),IFERROR(INDEX(Cadastro!$F$5:$F$243,$AB9),""),0)),IF($L9>0,IF(N($X8)>0,1,N($W8)+1),IF(AND($L9=0,OR(N($W8)>=IFERROR(INDEX(Parâmetros!$B$39:$B$48,MATCH($E9,Parâmetros!$A$39:$A$48,0)),99),AND(N($X8)>0,N($X8)<IFERROR(INDEX(Parâmetros!$C$39:$C$48,MATCH($E9,Parâmetros!$A$39:$A$48,0)),0)))),0,N($W8)+1)))) -> 7 | X9: =IF(OR(OR($D9="6x1",$D9="FF 6x1"),$D9="5x2"),"",IF($AB9<>$AB8,IF(IFERROR(INDEX(Cadastro!$F$5:$F$243,$AB9),"")="",0,IF(IFERROR(INDEX(Cadastro!$F$5:$F$243,$AB9),"")>IFERROR(INDEX(Parâmetros!$B$39:$B$48,MATCH($E9,Parâmetros!$A$39:$A$48,0)),99),IFERROR(INDEX(Cadastro!$F$5:$F$243,$AB9),"")-IFERROR(INDEX(Parâmetros!$B$39:$B$48,MATCH($E9,Parâmetros!$A$39:$A$48,0)),99),0)),IF(AND($L9=0,OR(N($W8)>=IFERROR(INDEX(Parâmetros!$B$39:$B$48,MATCH($E9,Parâmetros!$A$39:$A$48,0)),99),AND(N($X8)>0,N($X8)<IFERROR(INDEX(Parâmetros!$C$39:$C$48,MATCH($E9,Parâmetros!$A$39:$A$48,0)),0)))),N($X8)+1,0))) -> 0 | Y9: =IF($AC9<>"",IF($L9>0,$AC9&" · com apontamento",$AC9),IF($E9="Férias",IF($L9>0,"Férias · com apontamento","Férias (cadastro)"),IF(($Z9+$AA9-1)>Parâmetros!$E$16,"Férias / afastamento",IF(AND($D9="5x2",OR(WEEKDAY($F9,2)=6,WEEKDAY($F9,2)=7)),IF($L9>0,"Folga trabalhada","Folga"),IF($L9>0,"Trabalhado",IF(OR(OR($D9="6x1",$D9="FF 6x1"),$D9="5x2"),IF(AND(OR($D9="6x1",$D9="FF 6x1"),OR(WEEKDAY($F9,2)=6,WEEKDAY($F9,2)=7)),"Folga","Falta de registro"),IF(AND($AB9<>$AB8,IFERROR(INDEX(Cadastro!$F$5:$F$243,$AB9),"")=""),"Indeterminado (início da série)",IF($X9>0,"Folga","Falta de registro")))))))) -> Férias (cadastro) | Z9: =IF(OR($L9>0,$F9>Parâmetros!$E$14),0,IF($A9<>$A8,1,N($Z8)+1)) -> 8 | AA9: =IF(OR($L9>0,$F9>Parâmetros!$E$14),0,IF(OR($A9<>$A10,$F10>Parâmetros!$E$14),1,N($AA10)+1)) -> 2 | AB9: =IFERROR(MATCH($A9&"|"&TEXT(_xlfn.MAXIFS(Cadastro!$E$5:$E$243,Cadastro!$A$5:$A$243,$A9,Cadastro!$E$5:$E$243,"<="&$F9),"yyyymmdd"),Cadastro!$I$5:$I$243,0),"") -> 4 | AC9: =IFERROR(_xlfn.SINGLE(INDEX(Exceções!$D$5:$D$203,MATCH($A9&"|"&$F9,Exceções!$F$5:$F$203,0))),"") | AD9: =IF($AC9="","",IFERROR(_xlfn.SINGLE(INDEX(Exceções!$E$5:$E$203,MATCH($A9&"|"&$F9,Exceções!$F$5:$F$203,0))),""))
A10: 9218 | B10: Adriano Donizete Bento Da Silva | C10: =IFERROR(INDEX(Cadastro!$C$5:$C$243,$AB10),"NÃO INFORMADO") -> INS | D10: =IFERROR(INDEX(Cadastro!$D$5:$D$243,$AB10),"") -> Férias | E10: =IFERROR(INDEX(Cadastro!$G$5:$G$243,$AB10),"") -> Férias | F10: 46308 | G10: =CHOOSE(WEEKDAY($F10,1),"dom","seg","ter","qua","qui","sex","sáb") -> ter | H10: =IF($L10=0,"",_xlfn.MINIFS(Dados!$Q:$Q,Dados!$A:$A,$A10,Dados!$S:$S,$F10)) | I10: =IF($H10="","",_xlfn.MAXIFS(Dados!$R:$R,Dados!$A:$A,$A10,Dados!$S:$S,$F10)) | J10: =IF($D10<>"Folguista","",IFERROR(INDEX(Parâmetros!$D$52:$G$52,1,MIN(4,MAX(1,$W10))),"")) | K10: =IF(OR($AC10<>"",$Y10="Folga",$Y10="Folga trabalhada",$Y10="Férias (cadastro)",$Y10="Férias / afastamento",$Y10="Indeterminado (início da série)"),"",IF(OR($D10="6x1",$D10="FF 6x1"),IF(OR(WEEKDAY($F10,2)=6,WEEKDAY($F10,2)=7),"6x1 sáb/dom","6x1"),IF($D10="5x2","5x2",IF($H10="",IF($D10="Folguista",$J10,$E10),IF(OR($H10>=Parâmetros!$E$18,$H10<Parâmetros!$E$19),"C",IF($H10<Parâmetros!$E$20,"A","B")))))) | L10: =SUMIFS(Dados!$E:$E,Dados!$A:$A,$A10,Dados!$S:$S,$F10) -> 0 | M10: =IFERROR(INDEX(Parâmetros!$E$6:$E$11,MATCH($K10,Parâmetros!$A$6:$A$11,0)),"") | N10: =IFERROR($L10/$M10,"") | O10: =Parâmetros!$E$13 -> 0.8 | P10: =IF(OR($M10="",$F10>Parâmetros!$E$14),"Não","Sim") -> Não | Q10: =IF($P10="Não","",IF($L10>0,"Sim","Não")) | R10: =IF($Q10<>"Sim","",IF($N10>=$O10,"Sim","Não")) | S10: =IF($Q10<>"Sim","",MAX(0,$M10*$O10-$L10)) | T10: =IF($Q10<>"Sim","",IF($N10>Parâmetros!$E$15,"Sim","Não")) | U10: =IF($AC10<>"",$AC10,IF($P10="Não",IF($Y10="Folga","Folga",IF(LEFT($Y10,6)="Férias","Férias / afastamento",IF($Y10="Indeterminado (início da série)","Início da série","Fora da apuração"))),IF($Q10="Não","Falta de registro",IF($R10="Sim","Na meta","Abaixo da meta")))) -> Férias / afastamento | V10: =IF($AC10<>"",IF($L10>0,"ATENÇÃO · apontou em dia de "&LOWER($AC10)&" cadastrado","Exceção cadastrada · "&$AC10)&IF($AD10="",""," · "&$AD10),IF($E10="Férias",IF($L10>0,"ATENÇÃO · apontou estando de férias no cadastro","Férias no cadastro"),IF($Y10="Férias / afastamento","Afastamento · "&($Z10+$AA10-1)&" dias seguidos sem apontamento",IF($Y10="Folga trabalhada","ATENÇÃO · apontou em dia de folga da escala 5x2",IF($Y10="Folga",IF(AND($D10="5x2",OR(WEEKDAY($F10,2)=6,WEEKDAY($F10,2)=7)),"Folga de fim de semana da escala 5x2",IF(AND(OR($D10="6x1",$D10="FF 6x1"),WEEKDAY($F10,2)=6,FALSE()),"Folga de fim de semana · apontou no domingo anterior",IF(AND(OR($D10="6x1",$D10="FF 6x1"),WEEKDAY($F10,2)=7,AND($A10=$A9,$L9>0)),"Folga de fim de semana · apontou no sábado",IF(AND(OR($D10="6x1",$D10="FF 6x1"),OR(WEEKDAY($F10,2)=6,WEEKDAY($F10,2)=7)),"Folga de fim de semana · sem apontamento no sábado nem no domingo","Folga prevista pelo ciclo")))),IF($Y10="Indeterminado (início da série)","Sem histórico anterior — informe o dia do ciclo no Cadastro",IF($Y10="Falta de registro",IF(OR(OR($D10="6x1",$D10="FF 6x1"),$D10="5x2"),"FALTA DE REGISTRO · dia útil da escala "&$E10,"FALTA DE REGISTRO · dia "&$W10&" de "&IFERROR(INDEX(Parâmetros!$B$39:$B$48,MATCH($E10,Parâmetros!$A$39:$A$48,0)),99)&" do ciclo"),IF(OR($D10="6x1",$D10="FF 6x1"),IF(OR(AND(WEEKDAY($F10,2)=6,AND($A10=$A11,$L11>0)),AND(WEEKDAY($F10,2)=7,AND($A10=$A9,$L9>0))),"ATENÇÃO · apontou sábado e domingo no mesmo fim de semana",IF(OR(WEEKDAY($F10,2)=6,WEEKDAY($F10,2)=7),"Jornada de fim de semana do 6x1",IF(OR($H10>=Parâmetros!$E$20,$H10<Parâmetros!$E$19),"ATENÇÃO · 6x1 apontou fora do horário diurno","Jornada fixa do 6x1"))),IF($D10="5x2","Jornada fixa do 5x2",IF($D10="Folguista",IF($J10=$K10,"Evidência confirma sequência","DIVERGE · sequência "&$J10&" × evidência "&$K10),IF($K10=$E10,"Evidência confirma cadastro","DIVERGE · cadastro "&$E10&" × evidência "&$K10))))))))))) -> Férias no cadastro | W10: =IF(OR(OR($D10="6x1",$D10="FF 6x1"),$D10="5x2"),"",IF($AB10<>$AB9,IF(IFERROR(INDEX(Cadastro!$F$5:$F$243,$AB10),"")="",IF($L10>0,1,0),IF(IFERROR(INDEX(Cadastro!$F$5:$F$243,$AB10),"")<=IFERROR(INDEX(Parâmetros!$B$39:$B$48,MATCH($E10,Parâmetros!$A$39:$A$48,0)),99),IFERROR(INDEX(Cadastro!$F$5:$F$243,$AB10),""),0)),IF($L10>0,IF(N($X9)>0,1,N($W9)+1),IF(AND($L10=0,OR(N($W9)>=IFERROR(INDEX(Parâmetros!$B$39:$B$48,MATCH($E10,Parâmetros!$A$39:$A$48,0)),99),AND(N($X9)>0,N($X9)<IFERROR(INDEX(Parâmetros!$C$39:$C$48,MATCH($E10,Parâmetros!$A$39:$A$48,0)),0)))),0,N($W9)+1)))) -> 8 | X10: =IF(OR(OR($D10="6x1",$D10="FF 6x1"),$D10="5x2"),"",IF($AB10<>$AB9,IF(IFERROR(INDEX(Cadastro!$F$5:$F$243,$AB10),"")="",0,IF(IFERROR(INDEX(Cadastro!$F$5:$F$243,$AB10),"")>IFERROR(INDEX(Parâmetros!$B$39:$B$48,MATCH($E10,Parâmetros!$A$39:$A$48,0)),99),IFERROR(INDEX(Cadastro!$F$5:$F$243,$AB10),"")-IFERROR(INDEX(Parâmetros!$B$39:$B$48,MATCH($E10,Parâmetros!$A$39:$A$48,0)),99),0)),IF(AND($L10=0,OR(N($W9)>=IFERROR(INDEX(Parâmetros!$B$39:$B$48,MATCH($E10,Parâmetros!$A$39:$A$48,0)),99),AND(N($X9)>0,N($X9)<IFERROR(INDEX(Parâmetros!$C$39:$C$48,MATCH($E10,Parâmetros!$A$39:$A$48,0)),0)))),N($X9)+1,0))) -> 0 | Y10: =IF($AC10<>"",IF($L10>0,$AC10&" · com apontamento",$AC10),IF($E10="Férias",IF($L10>0,"Férias · com apontamento","Férias (cadastro)"),IF(($Z10+$AA10-1)>Parâmetros!$E$16,"Férias / afastamento",IF(AND($D10="5x2",OR(WEEKDAY($F10,2)=6,WEEKDAY($F10,2)=7)),IF($L10>0,"Folga trabalhada","Folga"),IF($L10>0,"Trabalhado",IF(OR(OR($D10="6x1",$D10="FF 6x1"),$D10="5x2"),IF(AND(OR($D10="6x1",$D10="FF 6x1"),OR(WEEKDAY($F10,2)=6,WEEKDAY($F10,2)=7)),"Folga","Falta de registro"),IF(AND($AB10<>$AB9,IFERROR(INDEX(Cadastro!$F$5:$F$243,$AB10),"")=""),"Indeterminado (início da série)",IF($X10>0,"Folga","Falta de registro")))))))) -> Férias (cadastro) | Z10: =IF(OR($L10>0,$F10>Parâmetros!$E$14),0,IF($A10<>$A9,1,N($Z9)+1)) -> 9 | AA10: =IF(OR($L10>0,$F10>Parâmetros!$E$14),0,IF(OR($A10<>$A11,$F11>Parâmetros!$E$14),1,N($AA11)+1)) -> 1 | AB10: =IFERROR(MATCH($A10&"|"&TEXT(_xlfn.MAXIFS(Cadastro!$E$5:$E$243,Cadastro!$A$5:$A$243,$A10,Cadastro!$E$5:$E$243,"<="&$F10),"yyyymmdd"),Cadastro!$I$5:$I$243,0),"") -> 4 | AC10: =IFERROR(_xlfn.SINGLE(INDEX(Exceções!$D$5:$D$203,MATCH($A10&"|"&$F10,Exceções!$F$5:$F$203,0))),"") | AD10: =IF($AC10="","",IFERROR(_xlfn.SINGLE(INDEX(Exceções!$E$5:$E$203,MATCH($A10&"|"&$F10,Exceções!$F$5:$F$203,0))),""))
A11: 9218 | B11: Adriano Donizete Bento Da Silva | C11: =IFERROR(INDEX(Cadastro!$C$5:$C$243,$AB11),"NÃO INFORMADO") -> INS | D11: =IFERROR(INDEX(Cadastro!$D$5:$D$243,$AB11),"") -> 6x1 | E11: =IFERROR(INDEX(Cadastro!$G$5:$G$243,$AB11),"") -> 6x1 | F11: 46309 | G11: =CHOOSE(WEEKDAY($F11,1),"dom","seg","ter","qua","qui","sex","sáb") -> qua | H11: =IF($L11=0,"",_xlfn.MINIFS(Dados!$Q:$Q,Dados!$A:$A,$A11,Dados!$S:$S,$F11)) -> 434 | I11: =IF($H11="","",_xlfn.MAXIFS(Dados!$R:$R,Dados!$A:$A,$A11,Dados!$S:$S,$F11)) -> 998 | J11: =IF($D11<>"Folguista","",IFERROR(INDEX(Parâmetros!$D$52:$G$52,1,MIN(4,MAX(1,$W11))),"")) | K11: =IF(OR($AC11<>"",$Y11="Folga",$Y11="Folga trabalhada",$Y11="Férias (cadastro)",$Y11="Férias / afastamento",$Y11="Indeterminado (início da série)"),"",IF(OR($D11="6x1",$D11="FF 6x1"),IF(OR(WEEKDAY($F11,2)=6,WEEKDAY($F11,2)=7),"6x1 sáb/dom","6x1"),IF($D11="5x2","5x2",IF($H11="",IF($D11="Folguista",$J11,$E11),IF(OR($H11>=Parâmetros!$E$18,$H11<Parâmetros!$E$19),"C",IF($H11<Parâmetros!$E$20,"A","B")))))) -> 6x1 | L11: =SUMIFS(Dados!$E:$E,Dados!$A:$A,$A11,Dados!$S:$S,$F11) -> 8.26 | M11: =IFERROR(INDEX(Parâmetros!$E$6:$E$11,MATCH($K11,Parâmetros!$A$6:$A$11,0)),"") -> 8.8 | N11: =IFERROR($L11/$M11,"") -> 0.93863636 | O11: =Parâmetros!$E$13 -> 0.8 | P11: =IF(OR($M11="",$F11>Parâmetros!$E$14),"Não","Sim") -> Sim | Q11: =IF($P11="Não","",IF($L11>0,"Sim","Não")) -> Sim | R11: =IF($Q11<>"Sim","",IF($N11>=$O11,"Sim","Não")) -> Sim | S11: =IF($Q11<>"Sim","",MAX(0,$M11*$O11-$L11)) -> 0 | T11: =IF($Q11<>"Sim","",IF($N11>Parâmetros!$E$15,"Sim","Não")) -> Não | U11: =IF($AC11<>"",$AC11,IF($P11="Não",IF($Y11="Folga","Folga",IF(LEFT($Y11,6)="Férias","Férias / afastamento",IF($Y11="Indeterminado (início da série)","Início da série","Fora da apuração"))),IF($Q11="Não","Falta de registro",IF($R11="Sim","Na meta","Abaixo da meta")))) -> Na meta | V11: =IF($AC11<>"",IF($L11>0,"ATENÇÃO · apontou em dia de "&LOWER($AC11)&" cadastrado","Exceção cadastrada · "&$AC11)&IF($AD11="",""," · "&$AD11),IF($E11="Férias",IF($L11>0,"ATENÇÃO · apontou estando de férias no cadastro","Férias no cadastro"),IF($Y11="Férias / afastamento","Afastamento · "&($Z11+$AA11-1)&" dias seguidos sem apontamento",IF($Y11="Folga trabalhada","ATENÇÃO · apontou em dia de folga da escala 5x2",IF($Y11="Folga",IF(AND($D11="5x2",OR(WEEKDAY($F11,2)=6,WEEKDAY($F11,2)=7)),"Folga de fim de semana da escala 5x2",IF(AND(OR($D11="6x1",$D11="FF 6x1"),WEEKDAY($F11,2)=6,FALSE()),"Folga de fim de semana · apontou no domingo anterior",IF(AND(OR($D11="6x1",$D11="FF 6x1"),WEEKDAY($F11,2)=7,AND($A11=$A10,$L10>0)),"Folga de fim de semana · apontou no sábado",IF(AND(OR($D11="6x1",$D11="FF 6x1"),OR(WEEKDAY($F11,2)=6,WEEKDAY($F11,2)=7)),"Folga de fim de semana · sem apontamento no sábado nem no domingo","Folga prevista pelo ciclo")))),IF($Y11="Indeterminado (início da série)","Sem histórico anterior — informe o dia do ciclo no Cadastro",IF($Y11="Falta de registro",IF(OR(OR($D11="6x1",$D11="FF 6x1"),$D11="5x2"),"FALTA DE REGISTRO · dia útil da escala "&$E11,"FALTA DE REGISTRO · dia "&$W11&" de "&IFERROR(INDEX(Parâmetros!$B$39:$B$48,MATCH($E11,Parâmetros!$A$39:$A$48,0)),99)&" do ciclo"),IF(OR($D11="6x1",$D11="FF 6x1"),IF(OR(AND(WEEKDAY($F11,2)=6,AND($A11=$A12,$L12>0)),AND(WEEKDAY($F11,2)=7,AND($A11=$A10,$L10>0))),"ATENÇÃO · apontou sábado e domingo no mesmo fim de semana",IF(OR(WEEKDAY($F11,2)=6,WEEKDAY($F11,2)=7),"Jornada de fim de semana do 6x1",IF(OR($H11>=Parâmetros!$E$20,$H11<Parâmetros!$E$19),"ATENÇÃO · 6x1 apontou fora do horário diurno","Jornada fixa do 6x1"))),IF($D11="5x2","Jornada fixa do 5x2",IF($D11="Folguista",IF($J11=$K11,"Evidência confirma sequência","DIVERGE · sequência "&$J11&" × evidência "&$K11),IF($K11=$E11,"Evidência confirma cadastro","DIVERGE · cadastro "&$E11&" × evidência "&$K11))))))))))) -> Jornada fixa do 6x1 | W11: =IF(OR(OR($D11="6x1",$D11="FF 6x1"),$D11="5x2"),"",IF($AB11<>$AB10,IF(IFERROR(INDEX(Cadastro!$F$5:$F$243,$AB11),"")="",IF($L11>0,1,0),IF(IFERROR(INDEX(Cadastro!$F$5:$F$243,$AB11),"")<=IFERROR(INDEX(Parâmetros!$B$39:$B$48,MATCH($E11,Parâmetros!$A$39:$A$48,0)),99),IFERROR(INDEX(Cadastro!$F$5:$F$243,$AB11),""),0)),IF($L11>0,IF(N($X10)>0,1,N($W10)+1),IF(AND($L11=0,OR(N($W10)>=IFERROR(INDEX(Parâmetros!$B$39:$B$48,MATCH($E11,Parâmetros!$A$39:$A$48,0)),99),AND(N($X10)>0,N($X10)<IFERROR(INDEX(Parâmetros!$C$39:$C$48,MATCH($E11,Parâmetros!$A$39:$A$48,0)),0)))),0,N($W10)+1)))) | X11: =IF(OR(OR($D11="6x1",$D11="FF 6x1"),$D11="5x2"),"",IF($AB11<>$AB10,IF(IFERROR(INDEX(Cadastro!$F$5:$F$243,$AB11),"")="",0,IF(IFERROR(INDEX(Cadastro!$F$5:$F$243,$AB11),"")>IFERROR(INDEX(Parâmetros!$B$39:$B$48,MATCH($E11,Parâmetros!$A$39:$A$48,0)),99),IFERROR(INDEX(Cadastro!$F$5:$F$243,$AB11),"")-IFERROR(INDEX(Parâmetros!$B$39:$B$48,MATCH($E11,Parâmetros!$A$39:$A$48,0)),99),0)),IF(AND($L11=0,OR(N($W10)>=IFERROR(INDEX(Parâmetros!$B$39:$B$48,MATCH($E11,Parâmetros!$A$39:$A$48,0)),99),AND(N($X10)>0,N($X10)<IFERROR(INDEX(Parâmetros!$C$39:$C$48,MATCH($E11,Parâmetros!$A$39:$A$48,0)),0)))),N($X10)+1,0))) | Y11: =IF($AC11<>"",IF($L11>0,$AC11&" · com apontamento",$AC11),IF($E11="Férias",IF($L11>0,"Férias · com apontamento","Férias (cadastro)"),IF(($Z11+$AA11-1)>Parâmetros!$E$16,"Férias / afastamento",IF(AND($D11="5x2",OR(WEEKDAY($F11,2)=6,WEEKDAY($F11,2)=7)),IF($L11>0,"Folga trabalhada","Folga"),IF($L11>0,"Trabalhado",IF(OR(OR($D11="6x1",$D11="FF 6x1"),$D11="5x2"),IF(AND(OR($D11="6x1",$D11="FF 6x1"),OR(WEEKDAY($F11,2)=6,WEEKDAY($F11,2)=7)),"Folga","Falta de registro"),IF(AND($AB11<>$AB10,IFERROR(INDEX(Cadastro!$F$5:$F$243,$AB11),"")=""),"Indeterminado (início da série)",IF($X11>0,"Folga","Falta de registro")))))))) -> Trabalhado | Z11: =IF(OR($L11>0,$F11>Parâmetros!$E$14),0,IF($A11<>$A10,1,N($Z10)+1)) -> 0 | AA11: =IF(OR($L11>0,$F11>Parâmetros!$E$14),0,IF(OR($A11<>$A12,$F12>Parâmetros!$E$14),1,N($AA12)+1)) -> 0 | AB11: =IFERROR(MATCH($A11&"|"&TEXT(_xlfn.MAXIFS(Cadastro!$E$5:$E$243,Cadastro!$A$5:$A$243,$A11,Cadastro!$E$5:$E$243,"<="&$F11),"yyyymmdd"),Cadastro!$I$5:$I$243,0),"") -> 5 | AC11: =IFERROR(_xlfn.SINGLE(INDEX(Exceções!$D$5:$D$203,MATCH($A11&"|"&$F11,Exceções!$F$5:$F$203,0))),"") | AD11: =IF($AC11="","",IFERROR(_xlfn.SINGLE(INDEX(Exceções!$E$5:$E$203,MATCH($A11&"|"&$F11,Exceções!$F$5:$F$203,0))),""))
A12: 9218 | B12: Adriano Donizete Bento Da Silva | C12: =IFERROR(INDEX(Cadastro!$C$5:$C$243,$AB12),"NÃO INFORMADO") -> INS | D12: =IFERROR(INDEX(Cadastro!$D$5:$D$243,$AB12),"") -> 6x1 | E12: =IFERROR(INDEX(Cadastro!$G$5:$G$243,$AB12),"") -> 6x1 | F12: 46310 | G12: =CHOOSE(WEEKDAY($F12,1),"dom","seg","ter","qua","qui","sex","sáb") -> qui | H12: =IF($L12=0,"",_xlfn.MINIFS(Dados!$Q:$Q,Dados!$A:$A,$A12,Dados!$S:$S,$F12)) -> 426 | I12: =IF($H12="","",_xlfn.MAXIFS(Dados!$R:$R,Dados!$A:$A,$A12,Dados!$S:$S,$F12)) -> 979 | J12: =IF($D12<>"Folguista","",IFERROR(INDEX(Parâmetros!$D$52:$G$52,1,MIN(4,MAX(1,$W12))),"")) | K12: =IF(OR($AC12<>"",$Y12="Folga",$Y12="Folga trabalhada",$Y12="Férias (cadastro)",$Y12="Férias / afastamento",$Y12="Indeterminado (início da série)"),"",IF(OR($D12="6x1",$D12="FF 6x1"),IF(OR(WEEKDAY($F12,2)=6,WEEKDAY($F12,2)=7),"6x1 sáb/dom","6x1"),IF($D12="5x2","5x2",IF($H12="",IF($D12="Folguista",$J12,$E12),IF(OR($H12>=Parâmetros!$E$18,$H12<Parâmetros!$E$19),"C",IF($H12<Parâmetros!$E$20,"A","B")))))) -> 6x1 | L12: =SUMIFS(Dados!$E:$E,Dados!$A:$A,$A12,Dados!$S:$S,$F12) -> 8.08 | M12: =IFERROR(INDEX(Parâmetros!$E$6:$E$11,MATCH($K12,Parâmetros!$A$6:$A$11,0)),"") -> 8.8 | N12: =IFERROR($L12/$M12,"") -> 0.91818182 | O12: =Parâmetros!$E$13 -> 0.8 | P12: =IF(OR($M12="",$F12>Parâmetros!$E$14),"Não","Sim") -> Sim | Q12: =IF($P12="Não","",IF($L12>0,"Sim","Não")) -> Sim | R12: =IF($Q12<>"Sim","",IF($N12>=$O12,"Sim","Não")) -> Sim | S12: =IF($Q12<>"Sim","",MAX(0,$M12*$O12-$L12)) -> 0 | T12: =IF($Q12<>"Sim","",IF($N12>Parâmetros!$E$15,"Sim","Não")) -> Não | U12: =IF($AC12<>"",$AC12,IF($P12="Não",IF($Y12="Folga","Folga",IF(LEFT($Y12,6)="Férias","Férias / afastamento",IF($Y12="Indeterminado (início da série)","Início da série","Fora da apuração"))),IF($Q12="Não","Falta de registro",IF($R12="Sim","Na meta","Abaixo da meta")))) -> Na meta | V12: =IF($AC12<>"",IF($L12>0,"ATENÇÃO · apontou em dia de "&LOWER($AC12)&" cadastrado","Exceção cadastrada · "&$AC12)&IF($AD12="",""," · "&$AD12),IF($E12="Férias",IF($L12>0,"ATENÇÃO · apontou estando de férias no cadastro","Férias no cadastro"),IF($Y12="Férias / afastamento","Afastamento · "&($Z12+$AA12-1)&" dias seguidos sem apontamento",IF($Y12="Folga trabalhada","ATENÇÃO · apontou em dia de folga da escala 5x2",IF($Y12="Folga",IF(AND($D12="5x2",OR(WEEKDAY($F12,2)=6,WEEKDAY($F12,2)=7)),"Folga de fim de semana da escala 5x2",IF(AND(OR($D12="6x1",$D12="FF 6x1"),WEEKDAY($F12,2)=6,FALSE()),"Folga de fim de semana · apontou no domingo anterior",IF(AND(OR($D12="6x1",$D12="FF 6x1"),WEEKDAY($F12,2)=7,AND($A12=$A11,$L11>0)),"Folga de fim de semana · apontou no sábado",IF(AND(OR($D12="6x1",$D12="FF 6x1"),OR(WEEKDAY($F12,2)=6,WEEKDAY($F12,2)=7)),"Folga de fim de semana · sem apontamento no sábado nem no domingo","Folga prevista pelo ciclo")))),IF($Y12="Indeterminado (início da série)","Sem histórico anterior — informe o dia do ciclo no Cadastro",IF($Y12="Falta de registro",IF(OR(OR($D12="6x1",$D12="FF 6x1"),$D12="5x2"),"FALTA DE REGISTRO · dia útil da escala "&$E12,"FALTA DE REGISTRO · dia "&$W12&" de "&IFERROR(INDEX(Parâmetros!$B$39:$B$48,MATCH($E12,Parâmetros!$A$39:$A$48,0)),99)&" do ciclo"),IF(OR($D12="6x1",$D12="FF 6x1"),IF(OR(AND(WEEKDAY($F12,2)=6,AND($A12=$A13,$L13>0)),AND(WEEKDAY($F12,2)=7,AND($A12=$A11,$L11>0))),"ATENÇÃO · apontou sábado e domingo no mesmo fim de semana",IF(OR(WEEKDAY($F12,2)=6,WEEKDAY($F12,2)=7),"Jornada de fim de semana do 6x1",IF(OR($H12>=Parâmetros!$E$20,$H12<Parâmetros!$E$19),"ATENÇÃO · 6x1 apontou fora do horário diurno","Jornada fixa do 6x1"))),IF($D12="5x2","Jornada fixa do 5x2",IF($D12="Folguista",IF($J12=$K12,"Evidência confirma sequência","DIVERGE · sequência "&$J12&" × evidência "&$K12),IF($K12=$E12,"Evidência confirma cadastro","DIVERGE · cadastro "&$E12&" × evidência "&$K12))))))))))) -> Jornada fixa do 6x1 | W12: =IF(OR(OR($D12="6x1",$D12="FF 6x1"),$D12="5x2"),"",IF($AB12<>$AB11,IF(IFERROR(INDEX(Cadastro!$F$5:$F$243,$AB12),"")="",IF($L12>0,1,0),IF(IFERROR(INDEX(Cadastro!$F$5:$F$243,$AB12),"")<=IFERROR(INDEX(Parâmetros!$B$39:$B$48,MATCH($E12,Parâmetros!$A$39:$A$48,0)),99),IFERROR(INDEX(Cadastro!$F$5:$F$243,$AB12),""),0)),IF($L12>0,IF(N($X11)>0,1,N($W11)+1),IF(AND($L12=0,OR(N($W11)>=IFERROR(INDEX(Parâmetros!$B$39:$B$48,MATCH($E12,Parâmetros!$A$39:$A$48,0)),99),AND(N($X11)>0,N($X11)<IFERROR(INDEX(Parâmetros!$C$39:$C$48,MATCH($E12,Parâmetros!$A$39:$A$48,0)),0)))),0,N($W11)+1)))) | X12: =IF(OR(OR($D12="6x1",$D12="FF 6x1"),$D12="5x2"),"",IF($AB12<>$AB11,IF(IFERROR(INDEX(Cadastro!$F$5:$F$243,$AB12),"")="",0,IF(IFERROR(INDEX(Cadastro!$F$5:$F$243,$AB12),"")>IFERROR(INDEX(Parâmetros!$B$39:$B$48,MATCH($E12,Parâmetros!$A$39:$A$48,0)),99),IFERROR(INDEX(Cadastro!$F$5:$F$243,$AB12),"")-IFERROR(INDEX(Parâmetros!$B$39:$B$48,MATCH($E12,Parâmetros!$A$39:$A$48,0)),99),0)),IF(AND($L12=0,OR(N($W11)>=IFERROR(INDEX(Parâmetros!$B$39:$B$48,MATCH($E12,Parâmetros!$A$39:$A$48,0)),99),AND(N($X11)>0,N($X11)<IFERROR(INDEX(Parâmetros!$C$39:$C$48,MATCH($E12,Parâmetros!$A$39:$A$48,0)),0)))),N($X11)+1,0))) | Y12: =IF($AC12<>"",IF($L12>0,$AC12&" · com apontamento",$AC12),IF($E12="Férias",IF($L12>0,"Férias · com apontamento","Férias (cadastro)"),IF(($Z12+$AA12-1)>Parâmetros!$E$16,"Férias / afastamento",IF(AND($D12="5x2",OR(WEEKDAY($F12,2)=6,WEEKDAY($F12,2)=7)),IF($L12>0,"Folga trabalhada","Folga"),IF($L12>0,"Trabalhado",IF(OR(OR($D12="6x1",$D12="FF 6x1"),$D12="5x2"),IF(AND(OR($D12="6x1",$D12="FF 6x1"),OR(WEEKDAY($F12,2)=6,WEEKDAY($F12,2)=7)),"Folga","Falta de registro"),IF(AND($AB12<>$AB11,IFERROR(INDEX(Cadastro!$F$5:$F$243,$AB12),"")=""),"Indeterminado (início da série)",IF($X12>0,"Folga","Falta de registro")))))))) -> Trabalhado | Z12: =IF(OR($L12>0,$F12>Parâmetros!$E$14),0,IF($A12<>$A11,1,N($Z11)+1)) -> 0 | AA12: =IF(OR($L12>0,$F12>Parâmetros!$E$14),0,IF(OR($A12<>$A13,$F13>Parâmetros!$E$14),1,N($AA13)+1)) -> 0 | AB12: =IFERROR(MATCH($A12&"|"&TEXT(_xlfn.MAXIFS(Cadastro!$E$5:$E$243,Cadastro!$A$5:$A$243,$A12,Cadastro!$E$5:$E$243,"<="&$F12),"yyyymmdd"),Cadastro!$I$5:$I$243,0),"") -> 5 | AC12: =IFERROR(_xlfn.SINGLE(INDEX(Exceções!$D$5:$D$203,MATCH($A12&"|"&$F12,Exceções!$F$5:$F$203,0))),"") | AD12: =IF($AC12="","",IFERROR(_xlfn.SINGLE(INDEX(Exceções!$E$5:$E$203,MATCH($A12&"|"&$F12,Exceções!$F$5:$F$203,0))),""))
A13: 9218 | B13: Adriano Donizete Bento Da Silva | C13: =IFERROR(INDEX(Cadastro!$C$5:$C$243,$AB13),"NÃO INFORMADO") -> INS | D13: =IFERROR(INDEX(Cadastro!$D$5:$D$243,$AB13),"") -> 6x1 | E13: =IFERROR(INDEX(Cadastro!$G$5:$G$243,$AB13),"") -> 6x1 | F13: 46311 | G13: =CHOOSE(WEEKDAY($F13,1),"dom","seg","ter","qua","qui","sex","sáb") -> sex | H13: =IF($L13=0,"",_xlfn.MINIFS(Dados!$Q:$Q,Dados!$A:$A,$A13,Dados!$S:$S,$F13)) -> 424 | I13: =IF($H13="","",_xlfn.MAXIFS(Dados!$R:$R,Dados!$A:$A,$A13,Dados!$S:$S,$F13)) -> 927 | J13: =IF($D13<>"Folguista","",IFERROR(INDEX(Parâmetros!$D$52:$G$52,1,MIN(4,MAX(1,$W13))),"")) | K13: =IF(OR($AC13<>"",$Y13="Folga",$Y13="Folga trabalhada",$Y13="Férias (cadastro)",$Y13="Férias / afastamento",$Y13="Indeterminado (início da série)"),"",IF(OR($D13="6x1",$D13="FF 6x1"),IF(OR(WEEKDAY($F13,2)=6,WEEKDAY($F13,2)=7),"6x1 sáb/dom","6x1"),IF($D13="5x2","5x2",IF($H13="",IF($D13="Folguista",$J13,$E13),IF(OR($H13>=Parâmetros!$E$18,$H13<Parâmetros!$E$19),"C",IF($H13<Parâmetros!$E$20,"A","B")))))) -> 6x1 | L13: =SUMIFS(Dados!$E:$E,Dados!$A:$A,$A13,Dados!$S:$S,$F13) -> 6.95 | M13: =IFERROR(INDEX(Parâmetros!$E$6:$E$11,MATCH($K13,Parâmetros!$A$6:$A$11,0)),"") -> 8.8 | N13: =IFERROR($L13/$M13,"") -> 0.78977273 | O13: =Parâmetros!$E$13 -> 0.8 | P13: =IF(OR($M13="",$F13>Parâmetros!$E$14),"Não","Sim") -> Sim | Q13: =IF($P13="Não","",IF($L13>0,"Sim","Não")) -> Sim | R13: =IF($Q13<>"Sim","",IF($N13>=$O13,"Sim","Não")) -> Não | S13: =IF($Q13<>"Sim","",MAX(0,$M13*$O13-$L13)) -> 0.09 | T13: =IF($Q13<>"Sim","",IF($N13>Parâmetros!$E$15,"Sim","Não")) -> Não | U13: =IF($AC13<>"",$AC13,IF($P13="Não",IF($Y13="Folga","Folga",IF(LEFT($Y13,6)="Férias","Férias / afastamento",IF($Y13="Indeterminado (início da série)","Início da série","Fora da apuração"))),IF($Q13="Não","Falta de registro",IF($R13="Sim","Na meta","Abaixo da meta")))) -> Abaixo da meta | V13: =IF($AC13<>"",IF($L13>0,"ATENÇÃO · apontou em dia de "&LOWER($AC13)&" cadastrado","Exceção cadastrada · "&$AC13)&IF($AD13="",""," · "&$AD13),IF($E13="Férias",IF($L13>0,"ATENÇÃO · apontou estando de férias no cadastro","Férias no cadastro"),IF($Y13="Férias / afastamento","Afastamento · "&($Z13+$AA13-1)&" dias seguidos sem apontamento",IF($Y13="Folga trabalhada","ATENÇÃO · apontou em dia de folga da escala 5x2",IF($Y13="Folga",IF(AND($D13="5x2",OR(WEEKDAY($F13,2)=6,WEEKDAY($F13,2)=7)),"Folga de fim de semana da escala 5x2",IF(AND(OR($D13="6x1",$D13="FF 6x1"),WEEKDAY($F13,2)=6,FALSE()),"Folga de fim de semana · apontou no domingo anterior",IF(AND(OR($D13="6x1",$D13="FF 6x1"),WEEKDAY($F13,2)=7,AND($A13=$A12,$L12>0)),"Folga de fim de semana · apontou no sábado",IF(AND(OR($D13="6x1",$D13="FF 6x1"),OR(WEEKDAY($F13,2)=6,WEEKDAY($F13,2)=7)),"Folga de fim de semana · sem apontamento no sábado nem no domingo","Folga prevista pelo ciclo")))),IF($Y13="Indeterminado (início da série)","Sem histórico anterior — informe o dia do ciclo no Cadastro",IF($Y13="Falta de registro",IF(OR(OR($D13="6x1",$D13="FF 6x1"),$D13="5x2"),"FALTA DE REGISTRO · dia útil da escala "&$E13,"FALTA DE REGISTRO · dia "&$W13&" de "&IFERROR(INDEX(Parâmetros!$B$39:$B$48,MATCH($E13,Parâmetros!$A$39:$A$48,0)),99)&" do ciclo"),IF(OR($D13="6x1",$D13="FF 6x1"),IF(OR(AND(WEEKDAY($F13,2)=6,AND($A13=$A14,$L14>0)),AND(WEEKDAY($F13,2)=7,AND($A13=$A12,$L12>0))),"ATENÇÃO · apontou sábado e domingo no mesmo fim de semana",IF(OR(WEEKDAY($F13,2)=6,WEEKDAY($F13,2)=7),"Jornada de fim de semana do 6x1",IF(OR($H13>=Parâmetros!$E$20,$H13<Parâmetros!$E$19),"ATENÇÃO · 6x1 apontou fora do horário diurno","Jornada fixa do 6x1"))),IF($D13="5x2","Jornada fixa do 5x2",IF($D13="Folguista",IF($J13=$K13,"Evidência confirma sequência","DIVERGE · sequência "&$J13&" × evidência "&$K13),IF($K13=$E13,"Evidência confirma cadastro","DIVERGE · cadastro "&$E13&" × evidência "&$K13))))))))))) -> Jornada fixa do 6x1 | W13: =IF(OR(OR($D13="6x1",$D13="FF 6x1"),$D13="5x2"),"",IF($AB13<>$AB12,IF(IFERROR(INDEX(Cadastro!$F$5:$F$243,$AB13),"")="",IF($L13>0,1,0),IF(IFERROR(INDEX(Cadastro!$F$5:$F$243,$AB13),"")<=IFERROR(INDEX(Parâmetros!$B$39:$B$48,MATCH($E13,Parâmetros!$A$39:$A$48,0)),99),IFERROR(INDEX(Cadastro!$F$5:$F$243,$AB13),""),0)),IF($L13>0,IF(N($X12)>0,1,N($W12)+1),IF(AND($L13=0,OR(N($W12)>=IFERROR(INDEX(Parâmetros!$B$39:$B$48,MATCH($E13,Parâmetros!$A$39:$A$48,0)),99),AND(N($X12)>0,N($X12)<IFERROR(INDEX(Parâmetros!$C$39:$C$48,MATCH($E13,Parâmetros!$A$39:$A$48,0)),0)))),0,N($W12)+1)))) | X13: =IF(OR(OR($D13="6x1",$D13="FF 6x1"),$D13="5x2"),"",IF($AB13<>$AB12,IF(IFERROR(INDEX(Cadastro!$F$5:$F$243,$AB13),"")="",0,IF(IFERROR(INDEX(Cadastro!$F$5:$F$243,$AB13),"")>IFERROR(INDEX(Parâmetros!$B$39:$B$48,MATCH($E13,Parâmetros!$A$39:$A$48,0)),99),IFERROR(INDEX(Cadastro!$F$5:$F$243,$AB13),"")-IFERROR(INDEX(Parâmetros!$B$39:$B$48,MATCH($E13,Parâmetros!$A$39:$A$48,0)),99),0)),IF(AND($L13=0,OR(N($W12)>=IFERROR(INDEX(Parâmetros!$B$39:$B$48,MATCH($E13,Parâmetros!$A$39:$A$48,0)),99),AND(N($X12)>0,N($X12)<IFERROR(INDEX(Parâmetros!$C$39:$C$48,MATCH($E13,Parâmetros!$A$39:$A$48,0)),0)))),N($X12)+1,0))) | Y13: =IF($AC13<>"",IF($L13>0,$AC13&" · com apontamento",$AC13),IF($E13="Férias",IF($L13>0,"Férias · com apontamento","Férias (cadastro)"),IF(($Z13+$AA13-1)>Parâmetros!$E$16,"Férias / afastamento",IF(AND($D13="5x2",OR(WEEKDAY($F13,2)=6,WEEKDAY($F13,2)=7)),IF($L13>0,"Folga trabalhada","Folga"),IF($L13>0,"Trabalhado",IF(OR(OR($D13="6x1",$D13="FF 6x1"),$D13="5x2"),IF(AND(OR($D13="6x1",$D13="FF 6x1"),OR(WEEKDAY($F13,2)=6,WEEKDAY($F13,2)=7)),"Folga","Falta de registro"),IF(AND($AB13<>$AB12,IFERROR(INDEX(Cadastro!$F$5:$F$243,$AB13),"")=""),"Indeterminado (início da série)",IF($X13>0,"Folga","Falta de registro")))))))) -> Trabalhado | Z13: =IF(OR($L13>0,$F13>Parâmetros!$E$14),0,IF($A13<>$A12,1,N($Z12)+1)) -> 0 | AA13: =IF(OR($L13>0,$F13>Parâmetros!$E$14),0,IF(OR($A13<>$A14,$F14>Parâmetros!$E$14),1,N($AA14)+1)) -> 0 | AB13: =IFERROR(MATCH($A13&"|"&TEXT(_xlfn.MAXIFS(Cadastro!$E$5:$E$243,Cadastro!$A$5:$A$243,$A13,Cadastro!$E$5:$E$243,"<="&$F13),"yyyymmdd"),Cadastro!$I$5:$I$243,0),"") -> 5 | AC13: =IFERROR(_xlfn.SINGLE(INDEX(Exceções!$D$5:$D$203,MATCH($A13&"|"&$F13,Exceções!$F$5:$F$203,0))),"") | AD13: =IF($AC13="","",IFERROR(_xlfn.SINGLE(INDEX(Exceções!$E$5:$E$203,MATCH($A13&"|"&$F13,Exceções!$F$5:$F$203,0))),""))
... A1625: 56377 | B1625: Wesley Candido Thiago | C1625: =IFERROR(INDEX(Cadastro!$C$5:$C$243,$AB1625),"NÃO INFORMADO") -> AUT | D1625: =IFERROR(INDEX(Cadastro!$D$5:$D$243,$AB1625),"") -> 6x1 | E1625: =IFERROR(INDEX(Cadastro!$G$5:$G$243,$AB1625),"") -> 6x1 | F1625: 46327 | G1625: =CHOOSE(WEEKDAY($F1625,1),"dom","seg","ter","qua","qui","sex","sáb") -> dom | H1625: =IF($L1625=0,"",_xlfn.MINIFS(Dados!$Q:$Q,Dados!$A:$A,$A1625,Dados!$S:$S,$F1625)) | I1625: =IF($H1625="","",_xlfn.MAXIFS(Dados!$R:$R,Dados!$A:$A,$A1625,Dados!$S:$S,$F1625)) | J1625: =IF($D1625<>"Folguista","",IFERROR(INDEX(Parâmetros!$D$52:$G$52,1,MIN(4,MAX(1,$W1625))),"")) | K1625: =IF(OR($AC1625<>"",$Y1625="Folga",$Y1625="Folga trabalhada",$Y1625="Férias (cadastro)",$Y1625="Férias / afastamento",$Y1625="Indeterminado (início da série)"),"",IF(OR($D1625="6x1",$D1625="FF 6x1"),IF(OR(WEEKDAY($F1625,2)=6,WEEKDAY($F1625,2)=7),"6x1 sáb/dom","6x1"),IF($D1625="5x2","5x2",IF($H1625="",IF($D1625="Folguista",$J1625,$E1625),IF(OR($H1625>=Parâmetros!$E$18,$H1625<Parâmetros!$E$19),"C",IF($H1625<Parâmetros!$E$20,"A","B")))))) | L1625: =SUMIFS(Dados!$E:$E,Dados!$A:$A,$A1625,Dados!$S:$S,$F1625) -> 0 | M1625: =IFERROR(INDEX(Parâmetros!$E$6:$E$11,MATCH($K1625,Parâmetros!$A$6:$A$11,0)),"") | N1625: =IFERROR($L1625/$M1625,"") | O1625: =Parâmetros!$E$13 -> 0.8 | P1625: =IF(OR($M1625="",$F1625>Parâmetros!$E$14),"Não","Sim") -> Não | Q1625: =IF($P1625="Não","",IF($L1625>0,"Sim","Não")) | R1625: =IF($Q1625<>"Sim","",IF($N1625>=$O1625,"Sim","Não")) | S1625: =IF($Q1625<>"Sim","",MAX(0,$M1625*$O1625-$L1625)) | T1625: =IF($Q1625<>"Sim","",IF($N1625>Parâmetros!$E$15,"Sim","Não")) | U1625: =IF($AC1625<>"",$AC1625,IF($P1625="Não",IF($Y1625="Folga","Folga",IF(LEFT($Y1625,6)="Férias","Férias / afastamento",IF($Y1625="Indeterminado (início da série)","Início da série","Fora da apuração"))),IF($Q1625="Não","Falta de registro",IF($R1625="Sim","Na meta","Abaixo da meta")))) -> Folga | V1625: =IF($AC1625<>"",IF($L1625>0,"ATENÇÃO · apontou em dia de "&LOWER($AC1625)&" cadastrado","Exceção cadastrada · "&$AC1625)&IF($AD1625="",""," · "&$AD1625),IF($E1625="Férias",IF($L1625>0,"ATENÇÃO · apontou estando de férias no cadastro","Férias no cadastro"),IF($Y1625="Férias / afastamento","Afastamento · "&($Z1625+$AA1625-1)&" dias seguidos sem apontamento",IF($Y1625="Folga trabalhada","ATENÇÃO · apontou em dia de folga da escala 5x2",IF($Y1625="Folga",IF(AND($D1625="5x2",OR(WEEKDAY($F1625,2)=6,WEEKDAY($F1625,2)=7)),"Folga de fim de semana da escala 5x2",IF(AND(OR($D1625="6x1",$D1625="FF 6x1"),WEEKDAY($F1625,2)=6,FALSE()),"Folga de fim de semana · apontou no domingo anterior",IF(AND(OR($D1625="6x1",$D1625="FF 6x1"),WEEKDAY($F1625,2)=7,AND($A1625=$A1624,$L1624>0)),"Folga de fim de semana · apontou no sábado",IF(AND(OR($D1625="6x1",$D1625="FF 6x1"),OR(WEEKDAY($F1625,2)=6,WEEKDAY($F1625,2)=7)),"Folga de fim de semana · sem apontamento no sábado nem no domingo","Folga prevista pelo ciclo")))),IF($Y1625="Indeterminado (início da série)","Sem histórico anterior — informe o dia do ciclo no Cadastro",IF($Y1625="Falta de registro",IF(OR(OR($D1625="6x1",$D1625="FF 6x1"),$D1625="5x2"),"FALTA DE REGISTRO · dia útil da escala "&$E1625,"FALTA DE REGISTRO · dia "&$W1625&" de "&IFERROR(INDEX(Parâmetros!$B$39:$B$48,MATCH($E1625,Parâmetros!$A$39:$A$48,0)),99)&" do ciclo"),IF(OR($D1625="6x1",$D1625="FF 6x1"),IF(OR(AND(WEEKDAY($F1625,2)=6,AND($A1625=$A1626,$L1626>0)),AND(WEEKDAY($F1625,2)=7,AND($A1625=$A1624,$L1624>0))),"ATENÇÃO · apontou sábado e domingo no mesmo fim de semana",IF(OR(WEEKDAY($F1625,2)=6,WEEKDAY($F1625,2)=7),"Jornada de fim de semana do 6x1",IF(OR($H1625>=Parâmetros!$E$20,$H1625<Parâmetros!$E$19),"ATENÇÃO · 6x1 apontou fora do horário diurno","Jornada fixa do 6x1"))),IF($D1625="5x2","Jornada fixa do 5x2",IF($D1625="Folguista",IF($J1625=$K1625,"Evidência confirma sequência","DIVERGE · sequência "&$J1625&" × evidência "&$K1625),IF($K1625=$E1625,"Evidência confirma cadastro","DIVERGE · cadastro "&$E1625&" × evidência "&$K1625))))))))))) -> Folga de fim de semana · sem apontamento no sábado nem no domingo | W1625: =IF(OR(OR($D1625="6x1",$D1625="FF 6x1"),$D1625="5x2"),"",IF($AB1625<>$AB1624,IF(IFERROR(INDEX(Cadastro!$F$5:$F$243,$AB1625),"")="",IF($L1625>0,1,0),IF(IFERROR(INDEX(Cadastro!$F$5:$F$243,$AB1625),"")<=IFERROR(INDEX(Parâmetros!$B$39:$B$48,MATCH($E1625,Parâmetros!$A$39:$A$48,0)),99),IFERROR(INDEX(Cadastro!$F$5:$F$243,$AB1625),""),0)),IF($L1625>0,IF(N($X1624)>0,1,N($W1624)+1),IF(AND($L1625=0,OR(N($W1624)>=IFERROR(INDEX(Parâmetros!$B$39:$B$48,MATCH($E1625,Parâmetros!$A$39:$A$48,0)),99),AND(N($X1624)>0,N($X1624)<IFERROR(INDEX(Parâmetros!$C$39:$C$48,MATCH($E1625,Parâmetros!$A$39:$A$48,0)),0)))),0,N($W1624)+1)))) | X1625: =IF(OR(OR($D1625="6x1",$D1625="FF 6x1"),$D1625="5x2"),"",IF($AB1625<>$AB1624,IF(IFERROR(INDEX(Cadastro!$F$5:$F$243,$AB1625),"")="",0,IF(IFERROR(INDEX(Cadastro!$F$5:$F$243,$AB1625),"")>IFERROR(INDEX(Parâmetros!$B$39:$B$48,MATCH($E1625,Parâmetros!$A$39:$A$48,0)),99),IFERROR(INDEX(Cadastro!$F$5:$F$243,$AB1625),"")-IFERROR(INDEX(Parâmetros!$B$39:$B$48,MATCH($E1625,Parâmetros!$A$39:$A$48,0)),99),0)),IF(AND($L1625=0,OR(N($W1624)>=IFERROR(INDEX(Parâmetros!$B$39:$B$48,MATCH($E1625,Parâmetros!$A$39:$A$48,0)),99),AND(N($X1624)>0,N($X1624)<IFERROR(INDEX(Parâmetros!$C$39:$C$48,MATCH($E1625,Parâmetros!$A$39:$A$48,0)),0)))),N($X1624)+1,0))) | Y1625: =IF($AC1625<>"",IF($L1625>0,$AC1625&" · com apontamento",$AC1625),IF($E1625="Férias",IF($L1625>0,"Férias · com apontamento","Férias (cadastro)"),IF(($Z1625+$AA1625-1)>Parâmetros!$E$16,"Férias / afastamento",IF(AND($D1625="5x2",OR(WEEKDAY($F1625,2)=6,WEEKDAY($F1625,2)=7)),IF($L1625>0,"Folga trabalhada","Folga"),IF($L1625>0,"Trabalhado",IF(OR(OR($D1625="6x1",$D1625="FF 6x1"),$D1625="5x2"),IF(AND(OR($D1625="6x1",$D1625="FF 6x1"),OR(WEEKDAY($F1625,2)=6,WEEKDAY($F1625,2)=7)),"Folga","Falta de registro"),IF(AND($AB1625<>$AB1624,IFERROR(INDEX(Cadastro!$F$5:$F$243,$AB1625),"")=""),"Indeterminado (início da série)",IF($X1625>0,"Folga","Falta de registro")))))))) -> Folga | Z1625: =IF(OR($L1625>0,$F1625>Parâmetros!$E$14),0,IF($A1625<>$A1624,1,N($Z1624)+1)) -> 0 | AA1625: =IF(OR($L1625>0,$F1625>Parâmetros!$E$14),0,IF(OR($A1625<>$A1626,$F1626>Parâmetros!$E$14),1,N($AA1626)+1)) -> 0 | AB1625: =IFERROR(MATCH($A1625&"|"&TEXT(_xlfn.MAXIFS(Cadastro!$E$5:$E$243,Cadastro!$A$5:$A$243,$A1625,Cadastro!$E$5:$E$243,"<="&$F1625),"yyyymmdd"),Cadastro!$I$5:$I$243,0),"") -> 201 | AC1625: =IFERROR(_xlfn.SINGLE(INDEX(Exceções!$D$5:$D$203,MATCH($A1625&"|"&$F1625,Exceções!$F$5:$F$203,0))),"") | AD1625: =IF($AC1625="","",IFERROR(_xlfn.SINGLE(INDEX(Exceções!$E$5:$E$203,MATCH($A1625&"|"&$F1625,Exceções!$F$5:$F$203,0))),""))

Sheet Painel Centro
A1: PAINEL DE APONTAMENTO · POR CENTRO DE TRABALHO
A2: IAP = horas apontadas ÷ horas disponíveis (ponderado) · IAM = % de dias-empregado que atingiram a meta
A4: Centro de Trabalho | B4: Efetivo | C4: Dias apurados | D4: Dias trabalhados | E4: Faltas de registro | F4: Horas apontadas | G4: Horas disponíveis | H4: IAP · % Apontamento (pond.) | I4: Meta | J4: Gap (p.p.) | K4: IAM · Aderência | L4: Horas a recuperar | M4: Empregados na meta | N4: Dias com divergência de turno | O4: Status
A5: INS | B5: =COUNTIF('Painel Empregado'!$C$5:$C$61,$A5) -> 8 | C5: =COUNTIFS('Base Diária'!$C:$C,$A5,'Base Diária'!$P:$P,"Sim") -> 105 | D5: =COUNTIFS('Base Diária'!$C:$C,$A5,'Base Diária'!$Q:$Q,"Sim") -> 104 | E5: =COUNTIFS('Base Diária'!$C:$C,$A5,'Base Diária'!$P:$P,"Sim",'Base Diária'!$Y:$Y,"Falta de registro") -> 1 | F5: =SUMIFS('Base Diária'!$L:$L,'Base Diária'!$C:$C,$A5,'Base Diária'!$Q:$Q,"Sim") -> 733.74 | G5: =SUMIFS('Base Diária'!$M:$M,'Base Diária'!$C:$C,$A5,'Base Diária'!$Q:$Q,"Sim") -> 790.91 | H5: =IFERROR($F5/$G5,"") -> 0.92771618 | I5: =Parâmetros!$E$13 -> 0.8 | J5: =IFERROR($H5-$I5,"") -> 0.12771618 | K5: =IFERROR(COUNTIFS('Base Diária'!$C:$C,$A5,'Base Diária'!$R:$R,"Sim")/$D5,"") -> 0.95192308 | L5: =SUMIFS('Base Diária'!$S:$S,'Base Diária'!$C:$C,$A5,'Base Diária'!$Q:$Q,"Sim") -> 9.03 | M5: =COUNTIFS('Painel Empregado'!$C$5:$C$61,$A5,'Painel Empregado'!$Q$5:$Q$61,"Na meta")&" de "&$B5 -> 8 de 8 | N5: =COUNTIFS('Base Diária'!$C:$C,$A5,'Base Diária'!$P:$P,"Sim",'Base Diária'!$V:$V,"DIVERGE*") -> 2 | O5: =IF($D5=0,"Não mensurável",IF(AND($H5>=$I5,$K5>=$I5),"Na meta",IF($H5>=$I5,"Atenção","Crítico"))) -> Na meta
A6: CAL | B6: =COUNTIF('Painel Empregado'!$C$5:$C$61,$A6) -> 12 | C6: =COUNTIFS('Base Diária'!$C:$C,$A6,'Base Diária'!$P:$P,"Sim") -> 163 | D6: =COUNTIFS('Base Diária'!$C:$C,$A6,'Base Diária'!$Q:$Q,"Sim") -> 151 | E6: =COUNTIFS('Base Diária'!$C:$C,$A6,'Base Diária'!$P:$P,"Sim",'Base Diária'!$Y:$Y,"Falta de registro") -> 12 | F6: =SUMIFS('Base Diária'!$L:$L,'Base Diária'!$C:$C,$A6,'Base Diária'!$Q:$Q,"Sim") -> 1145.31 | G6: =SUMIFS('Base Diária'!$M:$M,'Base Diária'!$C:$C,$A6,'Base Diária'!$Q:$Q,"Sim") -> 1275.77 | H6: =IFERROR($F6/$G6,"") -> 0.89774019 | I6: =Parâmetros!$E$13 -> 0.8 | J6: =IFERROR($H6-$I6,"") -> 0.097740188 | K6: =IFERROR(COUNTIFS('Base Diária'!$C:$C,$A6,'Base Diária'!$R:$R,"Sim")/$D6,"") -> 0.8807947 | L6: =SUMIFS('Base Diária'!$S:$S,'Base Diária'!$C:$C,$A6,'Base Diária'!$Q:$Q,"Sim") -> 29.166 | M6: =COUNTIFS('Painel Empregado'!$C$5:$C$61,$A6,'Painel Empregado'!$Q$5:$Q$61,"Na meta")&" de "&$B6 -> 9 de 12 | N6: =COUNTIFS('Base Diária'!$C:$C,$A6,'Base Diária'!$P:$P,"Sim",'Base Diária'!$V:$V,"DIVERGE*") -> 0 | O6: =IF($D6=0,"Não mensurável",IF(AND($H6>=$I6,$K6>=$I6),"Na meta",IF($H6>=$I6,"Atenção","Crítico"))) -> Na meta
A7: MEC | B7: =COUNTIF('Painel Empregado'!$C$5:$C$61,$A7) -> 9 | C7: =COUNTIFS('Base Diária'!$C:$C,$A7,'Base Diária'!$P:$P,"Sim") -> 128 | D7: =COUNTIFS('Base Diária'!$C:$C,$A7,'Base Diária'!$Q:$Q,"Sim") -> 120 | E7: =COUNTIFS('Base Diária'!$C:$C,$A7,'Base Diária'!$P:$P,"Sim",'Base Diária'!$Y:$Y,"Falta de registro") -> 8 | F7: =SUMIFS('Base Diária'!$L:$L,'Base Diária'!$C:$C,$A7,'Base Diária'!$Q:$Q,"Sim") -> 787.91 | G7: =SUMIFS('Base Diária'!$M:$M,'Base Diária'!$C:$C,$A7,'Base Diária'!$Q:$Q,"Sim") -> 899.79 | H7: =IFERROR($F7/$G7,"") -> 0.87565988 | I7: =Parâmetros!$E$13 -> 0.8 | J7: =IFERROR($H7-$I7,"") -> 0.075659876 | K7: =IFERROR(COUNTIFS('Base Diária'!$C:$C,$A7,'Base Diária'!$R:$R,"Sim")/$D7,"") -> 0.90833333 | L7: =SUMIFS('Base Diária'!$S:$S,'Base Diária'!$C:$C,$A7,'Base Diária'!$Q:$Q,"Sim") -> 27.656 | M7: =COUNTIFS('Painel Empregado'!$C$5:$C$61,$A7,'Painel Empregado'!$Q$5:$Q$61,"Na meta")&" de "&$B7 -> 8 de 9 | N7: =COUNTIFS('Base Diária'!$C:$C,$A7,'Base Diária'!$P:$P,"Sim",'Base Diária'!$V:$V,"DIVERGE*") -> 0 | O7: =IF($D7=0,"Não mensurável",IF(AND($H7>=$I7,$K7>=$I7),"Na meta",IF($H7>=$I7,"Atenção","Crítico"))) -> Na meta
A8: AUT | B8: =COUNTIF('Painel Empregado'!$C$5:$C$61,$A8) -> 3 | C8: =COUNTIFS('Base Diária'!$C:$C,$A8,'Base Diária'!$P:$P,"Sim") -> 38 | D8: =COUNTIFS('Base Diária'!$C:$C,$A8,'Base Diária'!$Q:$Q,"Sim") -> 37 | E8: =COUNTIFS('Base Diária'!$C:$C,$A8,'Base Diária'!$P:$P,"Sim",'Base Diária'!$Y:$Y,"Falta de registro") -> 1 | F8: =SUMIFS('Base Diária'!$L:$L,'Base Diária'!$C:$C,$A8,'Base Diária'!$Q:$Q,"Sim") -> 305.78 | G8: =SUMIFS('Base Diária'!$M:$M,'Base Diária'!$C:$C,$A8,'Base Diária'!$Q:$Q,"Sim") -> 316.06 | H8: =IFERROR($F8/$G8,"") -> 0.96747453 | I8: =Parâmetros!$E$13 -> 0.8 | J8: =IFERROR($H8-$I8,"") -> 0.16747453 | K8: =IFERROR(COUNTIFS('Base Diária'!$C:$C,$A8,'Base Diária'!$R:$R,"Sim")/$D8,"") -> 0.91891892 | L8: =SUMIFS('Base Diária'!$S:$S,'Base Diária'!$C:$C,$A8,'Base Diária'!$Q:$Q,"Sim") -> 4.18 | M8: =COUNTIFS('Painel Empregado'!$C$5:$C$61,$A8,'Painel Empregado'!$Q$5:$Q$61,"Na meta")&" de "&$B8 -> 2 de 3 | N8: =COUNTIFS('Base Diária'!$C:$C,$A8,'Base Diária'!$P:$P,"Sim",'Base Diária'!$V:$V,"DIVERGE*") -> 0 | O8: =IF($D8=0,"Não mensurável",IF(AND($H8>=$I8,$K8>=$I8),"Na meta",IF($H8>=$I8,"Atenção","Crítico"))) -> Na meta
A9: ELE | B9: =COUNTIF('Painel Empregado'!$C$5:$C$61,$A9) -> 9 | C9: =COUNTIFS('Base Diária'!$C:$C,$A9,'Base Diária'!$P:$P,"Sim") -> 120 | D9: =COUNTIFS('Base Diária'!$C:$C,$A9,'Base Diária'!$Q:$Q,"Sim") -> 107 | E9: =COUNTIFS('Base Diária'!$C:$C,$A9,'Base Diária'!$P:$P,"Sim",'Base Diária'!$Y:$Y,"Falta de registro") -> 13 | F9: =SUMIFS('Base Diária'!$L:$L,'Base Diária'!$C:$C,$A9,'Base Diária'!$Q:$Q,"Sim") -> 699.29 | G9: =SUMIFS('Base Diária'!$M:$M,'Base Diária'!$C:$C,$A9,'Base Diária'!$Q:$Q,"Sim") -> 802.95 | H9: =IFERROR($F9/$G9,"") -> 0.87090105 | I9: =Parâmetros!$E$13 -> 0.8 | J9: =IFERROR($H9-$I9,"") -> 0.070901052 | K9: =IFERROR(COUNTIFS('Base Diária'!$C:$C,$A9,'Base Diária'!$R:$R,"Sim")/$D9,"") -> 0.85046729 | L9: =SUMIFS('Base Diária'!$S:$S,'Base Diária'!$C:$C,$A9,'Base Diária'!$Q:$Q,"Sim") -> 25.55 | M9: =COUNTIFS('Painel Empregado'!$C$5:$C$61,$A9,'Painel Empregado'!$Q$5:$Q$61,"Na meta")&" de "&$B9 -> 5 de 9 | N9: =COUNTIFS('Base Diária'!$C:$C,$A9,'Base Diária'!$P:$P,"Sim",'Base Diária'!$V:$V,"DIVERGE*") -> 1 | O9: =IF($D9=0,"Não mensurável",IF(AND($H9>=$I9,$K9>=$I9),"Na meta",IF($H9>=$I9,"Atenção","Crítico"))) -> Na meta
A10: LUB | B10: =COUNTIF('Painel Empregado'!$C$5:$C$61,$A10) -> 4 | C10: =COUNTIFS('Base Diária'!$C:$C,$A10,'Base Diária'!$P:$P,"Sim") -> 53 | D10: =COUNTIFS('Base Diária'!$C:$C,$A10,'Base Diária'!$Q:$Q,"Sim") -> 50 | E10: =COUNTIFS('Base Diária'!$C:$C,$A10,'Base Diária'!$P:$P,"Sim",'Base Diária'!$Y:$Y,"Falta de registro") -> 3 | F10: =SUMIFS('Base Diária'!$L:$L,'Base Diária'!$C:$C,$A10,'Base Diária'!$Q:$Q,"Sim") -> 368.74 | G10: =SUMIFS('Base Diária'!$M:$M,'Base Diária'!$C:$C,$A10,'Base Diária'!$Q:$Q,"Sim") -> 427.52 | H10: =IFERROR($F10/$G10,"") -> 0.86250936 | I10: =Parâmetros!$E$13 -> 0.8 | J10: =IFERROR($H10-$I10,"") -> 0.062509356 | K10: =IFERROR(COUNTIFS('Base Diária'!$C:$C,$A10,'Base Diária'!$R:$R,"Sim")/$D10,"") -> 0.9 | L10: =SUMIFS('Base Diária'!$S:$S,'Base Diária'!$C:$C,$A10,'Base Diária'!$Q:$Q,"Sim") -> 4.204 | M10: =COUNTIFS('Painel Empregado'!$C$5:$C$61,$A10,'Painel Empregado'!$Q$5:$Q$61,"Na meta")&" de "&$B10 -> 4 de 4 | N10: =COUNTIFS('Base Diária'!$C:$C,$A10,'Base Diária'!$P:$P,"Sim",'Base Diária'!$V:$V,"DIVERGE*") -> 0 | O10: =IF($D10=0,"Não mensurável",IF(AND($H10>=$I10,$K10>=$I10),"Na meta",IF($H10>=$I10,"Atenção","Crítico"))) -> Na meta
A11: PED | B11: =COUNTIF('Painel Empregado'!$C$5:$C$61,$A11) -> 4 | C11: =COUNTIFS('Base Diária'!$C:$C,$A11,'Base Diária'!$P:$P,"Sim") -> 64 | D11: =COUNTIFS('Base Diária'!$C:$C,$A11,'Base Diária'!$Q:$Q,"Sim") -> 62 | E11: =COUNTIFS('Base Diária'!$C:$C,$A11,'Base Diária'!$P:$P,"Sim",'Base Diária'!$Y:$Y,"Falta de registro") -> 2 | F11: =SUMIFS('Base Diária'!$L:$L,'Base Diária'!$C:$C,$A11,'Base Diária'!$Q:$Q,"Sim") -> 465.75 | G11: =SUMIFS('Base Diária'!$M:$M,'Base Diária'!$C:$C,$A11,'Base Diária'!$Q:$Q,"Sim") -> 534.59 | H11: =IFERROR($F11/$G11,"") -> 0.87122842 | I11: =Parâmetros!$E$13 -> 0.8 | J11: =IFERROR($H11-$I11,"") -> 0.071228418 | K11: =IFERROR(COUNTIFS('Base Diária'!$C:$C,$A11,'Base Diária'!$R:$R,"Sim")/$D11,"") -> 0.85483871 | L11: =SUMIFS('Base Diária'!$S:$S,'Base Diária'!$C:$C,$A11,'Base Diária'!$Q:$Q,"Sim") -> 11.864 | M11: =COUNTIFS('Painel Empregado'!$C$5:$C$61,$A11,'Painel Empregado'!$Q$5:$Q$61,"Na meta")&" de "&$B11 -> 2 de 4 | N11: =COUNTIFS('Base Diária'!$C:$C,$A11,'Base Diária'!$P:$P,"Sim",'Base Diária'!$V:$V,"DIVERGE*") -> 0 | O11: =IF($D11=0,"Não mensurável",IF(AND($H11>=$I11,$K11>=$I11),"Na meta",IF($H11>=$I11,"Atenção","Crítico"))) -> Na meta
A12: ENGMAN | B12: =COUNTIF('Painel Empregado'!$C$5:$C$61,$A12) -> 2 | C12: =COUNTIFS('Base Diária'!$C:$C,$A12,'Base Diária'!$P:$P,"Sim") -> 33 | D12: =COUNTIFS('Base Diária'!$C:$C,$A12,'Base Diária'!$Q:$Q,"Sim") -> 33 | E12: =COUNTIFS('Base Diária'!$C:$C,$A12,'Base Diária'!$P:$P,"Sim",'Base Diária'!$Y:$Y,"Falta de registro") -> 0 | F12: =SUMIFS('Base Diária'!$L:$L,'Base Diária'!$C:$C,$A12,'Base Diária'!$Q:$Q,"Sim") -> 252.5 | G12: =SUMIFS('Base Diária'!$M:$M,'Base Diária'!$C:$C,$A12,'Base Diária'!$Q:$Q,"Sim") -> 283.55 | H12: =IFERROR($F12/$G12,"") -> 0.8904955 | I12: =Parâmetros!$E$13 -> 0.8 | J12: =IFERROR($H12-$I12,"") -> 0.090495503 | K12: =IFERROR(COUNTIFS('Base Diária'!$C:$C,$A12,'Base Diária'!$R:$R,"Sim")/$D12,"") -> 0.84848485 | L12: =SUMIFS('Base Diária'!$S:$S,'Base Diária'!$C:$C,$A12,'Base Diária'!$Q:$Q,"Sim") -> 3.124 | M12: =COUNTIFS('Painel Empregado'!$C$5:$C$61,$A12,'Painel Empregado'!$Q$5:$Q$61,"Na meta")&" de "&$B12 -> 1 de 2 | N12: =COUNTIFS('Base Diária'!$C:$C,$A12,'Base Diária'!$P:$P,"Sim",'Base Diária'!$V:$V,"DIVERGE*") -> 0 | O12: =IF($D12=0,"Não mensurável",IF(AND($H12>=$I12,$K12>=$I12),"Na meta",IF($H12>=$I12,"Atenção","Crítico"))) -> Na meta
A13: ESP | B13: =COUNTIF('Painel Empregado'!$C$5:$C$61,$A13) -> 2 | C13: =COUNTIFS('Base Diária'!$C:$C,$A13,'Base Diária'!$P:$P,"Sim") -> 32 | D13: =COUNTIFS('Base Diária'!$C:$C,$A13,'Base Diária'!$Q:$Q,"Sim") -> 28 | E13: =COUNTIFS('Base Diária'!$C:$C,$A13,'Base Diária'!$P:$P,"Sim",'Base Diária'!$Y:$Y,"Falta de registro") -> 4 | F13: =SUMIFS('Base Diária'!$L:$L,'Base Diária'!$C:$C,$A13,'Base Diária'!$Q:$Q,"Sim") -> 197.8 | G13: =SUMIFS('Base Diária'!$M:$M,'Base Diária'!$C:$C,$A13,'Base Diária'!$Q:$Q,"Sim") -> 238.08 | H13: =IFERROR($F13/$G13,"") -> 0.83081317 | I13: =Parâmetros!$E$13 -> 0.8 | J13: =IFERROR($H13-$I13,"") -> 0.030813172 | K13: =IFERROR(COUNTIFS('Base Diária'!$C:$C,$A13,'Base Diária'!$R:$R,"Sim")/$D13,"") -> 0.92857143 | L13: =SUMIFS('Base Diária'!$S:$S,'Base Diária'!$C:$C,$A13,'Base Diária'!$Q:$Q,"Sim") -> 3.46 | M13: =COUNTIFS('Painel Empregado'!$C$5:$C$61,$A13,'Painel Empregado'!$Q$5:$Q$61,"Na meta")&" de "&$B13 -> 1 de 2 | N13: =COUNTIFS('Base Diária'!$C:$C,$A13,'Base Diária'!$P:$P,"Sim",'Base Diária'!$V:$V,"DIVERGE*") -> 0 | O13: =IF($D13=0,"Não mensurável",IF(AND($H13>=$I13,$K13>=$I13),"Na meta",IF($H13>=$I13,"Atenção","Crítico"))) -> Na meta
A14: USI | B14: =COUNTIF('Painel Empregado'!$C$5:$C$61,$A14) -> 2 | C14: =COUNTIFS('Base Diária'!$C:$C,$A14,'Base Diária'!$P:$P,"Sim") -> 37 | D14: =COUNTIFS('Base Diária'!$C:$C,$A14,'Base Diária'!$Q:$Q,"Sim") -> 36 | E14: =COUNTIFS('Base Diária'!$C:$C,$A14,'Base Diária'!$P:$P,"Sim",'Base Diária'!$Y:$Y,"Falta de registro") -> 1 | F14: =SUMIFS('Base Diária'!$L:$L,'Base Diária'!$C:$C,$A14,'Base Diária'!$Q:$Q,"Sim") -> 254.45 | G14: =SUMIFS('Base Diária'!$M:$M,'Base Diária'!$C:$C,$A14,'Base Diária'!$Q:$Q,"Sim") -> 267.59 | H14: =IFERROR($F14/$G14,"") -> 0.95089503 | I14: =Parâmetros!$E$13 -> 0.8 | J14: =IFERROR($H14-$I14,"") -> 0.15089503 | K14: =IFERROR(COUNTIFS('Base Diária'!$C:$C,$A14,'Base Diária'!$R:$R,"Sim")/$D14,"") -> 0.91666667 | L14: =SUMIFS('Base Diária'!$S:$S,'Base Diária'!$C:$C,$A14,'Base Diária'!$Q:$Q,"Sim") -> 4.346 | M14: =COUNTIFS('Painel Empregado'!$C$5:$C$61,$A14,'Painel Empregado'!$Q$5:$Q$61,"Na meta")&" de "&$B14 -> 2 de 2 | N14: =COUNTIFS('Base Diária'!$C:$C,$A14,'Base Diária'!$P:$P,"Sim",'Base Diária'!$V:$V,"DIVERGE*") -> 0 | O14: =IF($D14=0,"Não mensurável",IF(AND($H14>=$I14,$K14>=$I14),"Na meta",IF($H14>=$I14,"Atenção","Crítico"))) -> Na meta
A15: TOTAL MANUTENÇÃO | B15: =SUM(B5:B14) -> 55 | C15: =SUM(C5:C14) -> 773 | D15: =SUM(D5:D14) -> 728 | E15: =SUM(E5:E14) -> 45 | F15: =SUM(F5:F14) -> 5211.27 | G15: =SUM(G5:G14) -> 5836.81 | H15: =IFERROR($F15/$G15,"") -> 0.89282845 | I15: =Parâmetros!$E$13 -> 0.8 | J15: =IFERROR($H15-$I15,"") -> 0.092828446 | K15: =IFERROR(COUNTIF('Base Diária'!$R:$R,"Sim")/$D15,"") -> 0.89423077 | L15: =SUM(L5:L14) -> 122.58 | M15: =COUNTIF('Painel Empregado'!$Q$5:$Q$61,"Na meta")&" de "&$B15 -> 42 de 55 | N15: =SUM(N5:N14) -> 3 | O15: =IF(AND($H15>=$I15,$K15>=$I15),"Na meta",IF($H15>=$I15,"Atenção","Crítico")) -> Na meta

Sheet Painel Empregado
A1: PAINEL DE APONTAMENTO · POR EMPREGADO
A2: Filtre a coluna "Centro de Trabalho" para isolar a equipe · meta e data de corte em Parâmetros!E13:E14
A4: Nº pessoal | B4: Empregado | C4: Centro de Trabalho | D4: Escala (na data de corte) | E4: Dias apurados | F4: Dias trabalhados | G4: Faltas de registro | H4: Horas apontadas | I4: Horas disponíveis | J4: IAP · % Apontamento (pond.) | K4: Meta | L4: Gap (p.p.) | M4: IAM · Aderência | N4: Horas a recuperar | O4: Dias sobre-apontados | P4: Dias com divergência de turno | Q4: Status
A5: 53512 | B5: Daniel Henrique De Azevedo | C5: {=IFERROR(_xlfn.LET(_xlpm.corte,IF(ISNUMBER(Parâmetros!$E$14),Parâmetros!$E$14,DATEVALUE(RIGHT(Parâmetros!$E$14,10))),_xlpm.dt,_xlfn.MAXIFS(Cadastro!$E$5:$E$243,Cadastro!$A$5:$A$243,$A5,Cadastro!$E$5:$E$243,"<="&_xlpm.corte),_xlfn.XLOOKUP(1,(Cadastro!$A$5:$A$243=$A5)*(Cadastro!$E$5:$E$243=_xlpm.dt),Cadastro!$C$5:$C$243)),"NÃO INFORMADO")} -> AUT | D5: {=IFERROR(_xlfn.LET(_xlpm.corte,IF(ISNUMBER(Parâmetros!$E$14),Parâmetros!$E$14,DATEVALUE(RIGHT(Parâmetros!$E$14,10))),_xlpm.dt,_xlfn.MAXIFS(Cadastro!$E$5:$E$243,Cadastro!$A$5:$A$243,$A5,Cadastro!$E$5:$E$243,"<="&_xlpm.corte),_xlfn.XLOOKUP(1,(Cadastro!$A$5:$A$243=$A5)*(Cadastro!$E$5:$E$243=_xlpm.dt),Cadastro!$D$5:$D$243)),"")} -> 6x1 | E5: =COUNTIFS('Base Diária'!$A:$A,$A5,'Base Diária'!$P:$P,"Sim") -> 17 | F5: =COUNTIFS('Base Diária'!$A:$A,$A5,'Base Diária'!$Q:$Q,"Sim") -> 17 | G5: =COUNTIFS('Base Diária'!$A:$A,$A5,'Base Diária'!$P:$P,"Sim",'Base Diária'!$Y:$Y,"Falta de registro") -> 0 | H5: =SUMIFS('Base Diária'!$L:$L,'Base Diária'!$A:$A,$A5,'Base Diária'!$Q:$Q,"Sim") -> 140.33 | I5: =SUMIFS('Base Diária'!$M:$M,'Base Diária'!$A:$A,$A5,'Base Diária'!$Q:$Q,"Sim") -> 145.44 | J5: =IFERROR($H5/$I5,"") -> 0.96486524 | K5: =Parâmetros!$E$13 -> 0.8 | L5: =IFERROR($J5-$K5,"") -> 0.16486524 | M5: =IFERROR(COUNTIFS('Base Diária'!$A:$A,$A5,'Base Diária'!$R:$R,"Sim")/$F5,"") -> 0.94117647 | N5: =SUMIFS('Base Diária'!$S:$S,'Base Diária'!$A:$A,$A5,'Base Diária'!$Q:$Q,"Sim") -> 2.06 | O5: =COUNTIFS('Base Diária'!$A:$A,$A5,'Base Diária'!$T:$T,"Sim") -> 1 | P5: =COUNTIFS('Base Diária'!$A:$A,$A5,'Base Diária'!$P:$P,"Sim",'Base Diária'!$V:$V,"DIVERGE*") -> 0 | Q5: =IF($F5=0,"Não mensurável",IF(AND($J5>=$K5,$M5>=$K5),"Na meta",IF($J5>=$K5,"Atenção","Crítico"))) -> Na meta
A6: 56377 | B6: Wesley Candido Thiago | C6: {=IFERROR(_xlfn.LET(_xlpm.corte,IF(ISNUMBER(Parâmetros!$E$14),Parâmetros!$E$14,DATEVALUE(RIGHT(Parâmetros!$E$14,10))),_xlpm.dt,_xlfn.MAXIFS(Cadastro!$E$5:$E$243,Cadastro!$A$5:$A$243,$A6,Cadastro!$E$5:$E$243,"<="&_xlpm.corte),_xlfn.XLOOKUP(1,(Cadastro!$A$5:$A$243=$A6)*(Cadastro!$E$5:$E$243=_xlpm.dt),Cadastro!$C$5:$C$243)),"NÃO INFORMADO")} -> AUT | D6: {=IFERROR(_xlfn.LET(_xlpm.corte,IF(ISNUMBER(Parâmetros!$E$14),Parâmetros!$E$14,DATEVALUE(RIGHT(Parâmetros!$E$14,10))),_xlpm.dt,_xlfn.MAXIFS(Cadastro!$E$5:$E$243,Cadastro!$A$5:$A$243,$A6,Cadastro!$E$5:$E$243,"<="&_xlpm.corte),_xlfn.XLOOKUP(1,(Cadastro!$A$5:$A$243=$A6)*(Cadastro!$E$5:$E$243=_xlpm.dt),Cadastro!$D$5:$D$243)),"")} -> 6x1 | E6: =COUNTIFS('Base Diária'!$A:$A,$A6,'Base Diária'!$P:$P,"Sim") -> 16 | F6: =COUNTIFS('Base Diária'!$A:$A,$A6,'Base Diária'!$Q:$Q,"Sim") -> 16 | G6: =COUNTIFS('Base Diária'!$A:$A,$A6,'Base Diária'!$P:$P,"Sim",'Base Diária'!$Y:$Y,"Falta de registro") -> 0 | H6: =SUMIFS('Base Diária'!$L:$L,'Base Diária'!$A:$A,$A6,'Base Diária'!$Q:$Q,"Sim") -> 133.17 | I6: =SUMIFS('Base Diária'!$M:$M,'Base Diária'!$A:$A,$A6,'Base Diária'!$Q:$Q,"Sim") -> 136.64 | J6: =IFERROR($H6/$I6,"") -> 0.9746048 | K6: =Parâmetros!$E$13 -> 0.8 | L6: =IFERROR($J6-$K6,"") -> 0.1746048 | M6: =IFERROR(COUNTIFS('Base Diária'!$A:$A,$A6,'Base Diária'!$R:$R,"Sim")/$F6,"") -> 0.9375 | N6: =SUMIFS('Base Diária'!$S:$S,'Base Diária'!$A:$A,$A6,'Base Diária'!$Q:$Q,"Sim") -> 2.04 | O6: =COUNTIFS('Base Diária'!$A:$A,$A6,'Base Diária'!$T:$T,"Sim") -> 12 | P6: =COUNTIFS('Base Diária'!$A:$A,$A6,'Base Diária'!$P:$P,"Sim",'Base Diária'!$V:$V,"DIVERGE*") -> 0 | Q6: =IF($F6=0,"Não mensurável",IF(AND($J6>=$K6,$M6>=$K6),"Na meta",IF($J6>=$K6,"Atenção","Crítico"))) -> Na meta
A7: 56222 | B7: Alexandre Bueno Júnior | C7: {=IFERROR(_xlfn.LET(_xlpm.corte,IF(ISNUMBER(Parâmetros!$E$14),Parâmetros!$E$14,DATEVALUE(RIGHT(Parâmetros!$E$14,10))),_xlpm.dt,_xlfn.MAXIFS(Cadastro!$E$5:$E$243,Cadastro!$A$5:$A$243,$A7,Cadastro!$E$5:$E$243,"<="&_xlpm.corte),_xlfn.XLOOKUP(1,(Cadastro!$A$5:$A$243=$A7)*(Cadastro!$E$5:$E$243=_xlpm.dt),Cadastro!$C$5:$C$243)),"NÃO INFORMADO")} -> AUT | D7: {=IFERROR(_xlfn.LET(_xlpm.corte,IF(ISNUMBER(Parâmetros!$E$14),Parâmetros!$E$14,DATEVALUE(RIGHT(Parâmetros!$E$14,10))),_xlpm.dt,_xlfn.MAXIFS(Cadastro!$E$5:$E$243,Cadastro!$A$5:$A$243,$A7,Cadastro!$E$5:$E$243,"<="&_xlpm.corte),_xlfn.XLOOKUP(1,(Cadastro!$A$5:$A$243=$A7)*(Cadastro!$E$5:$E$243=_xlpm.dt),Cadastro!$D$5:$D$243)),"")} -> Férias | E7: =COUNTIFS('Base Diária'!$A:$A,$A7,'Base Diária'!$P:$P,"Sim") -> 5 | F7: =COUNTIFS('Base Diária'!$A:$A,$A7,'Base Diária'!$Q:$Q,"Sim") -> 4 | G7: =COUNTIFS('Base Diária'!$A:$A,$A7,'Base Diária'!$P:$P,"Sim",'Base Diária'!$Y:$Y,"Falta de registro") -> 1 | H7: =SUMIFS('Base Diária'!$L:$L,'Base Diária'!$A:$A,$A7,'Base Diária'!$Q:$Q,"Sim") -> 32.28 | I7: =SUMIFS('Base Diária'!$M:$M,'Base Diária'!$A:$A,$A7,'Base Diária'!$Q:$Q,"Sim") -> 33.98 | J7: =IFERROR($H7/$I7,"") -> 0.94997057 | K7: =Parâmetros!$E$13 -> 0.8 | L7: =IFERROR($J7-$K7,"") -> 0.14997057 | M7: =IFERROR(COUNTIFS('Base Diária'!$A:$A,$A7,'Base Diária'!$R:$R,"Sim")/$F7,"") -> 0.75 | N7: =SUMIFS('Base Diária'!$S:$S,'Base Diária'!$A:$A,$A7,'Base Diária'!$Q:$Q,"Sim") -> 0.08 | O7: =COUNTIFS('Base Diária'!$A:$A,$A7,'Base Diária'!$T:$T,"Sim") -> 1 | P7: =COUNTIFS('Base Diária'!$A:$A,$A7,'Base Diária'!$P:$P,"Sim",'Base Diária'!$V:$V,"DIVERGE*") -> 0 | Q7: =IF($F7=0,"Não mensurável",IF(AND($J7>=$K7,$M7>=$K7),"Na meta",IF($J7>=$K7,"Atenção","Crítico"))) -> Atenção
A8: 11950 | B8: Andre Luiz Bolonha | C8: {=IFERROR(_xlfn.LET(_xlpm.corte,IF(ISNUMBER(Parâmetros!$E$14),Parâmetros!$E$14,DATEVALUE(RIGHT(Parâmetros!$E$14,10))),_xlpm.dt,_xlfn.MAXIFS(Cadastro!$E$5:$E$243,Cadastro!$A$5:$A$243,$A8,Cadastro!$E$5:$E$243,"<="&_xlpm.corte),_xlfn.XLOOKUP(1,(Cadastro!$A$5:$A$243=$A8)*(Cadastro!$E$5:$E$243=_xlpm.dt),Cadastro!$C$5:$C$243)),"NÃO INFORMADO")} -> CAL | D8: {=IFERROR(_xlfn.LET(_xlpm.corte,IF(ISNUMBER(Parâmetros!$E$14),Parâmetros!$E$14,DATEVALUE(RIGHT(Parâmetros!$E$14,10))),_xlpm.dt,_xlfn.MAXIFS(Cadastro!$E$5:$E$243,Cadastro!$A$5:$A$243,$A8,Cadastro!$E$5:$E$243,"<="&_xlpm.corte),_xlfn.XLOOKUP(1,(Cadastro!$A$5:$A$243=$A8)*(Cadastro!$E$5:$E$243=_xlpm.dt),Cadastro!$D$5:$D$243)),"")} -> B | E8: =COUNTIFS('Base Diária'!$A:$A,$A8,'Base Diária'!$P:$P,"Sim") -> 11 | F8: =COUNTIFS('Base Diária'!$A:$A,$A8,'Base Diária'!$Q:$Q,"Sim") -> 7 | G8: =COUNTIFS('Base Diária'!$A:$A,$A8,'Base Diária'!$P:$P,"Sim",'Base Diária'!$Y:$Y,"Falta de registro") -> 4 | H8: =SUMIFS('Base Diária'!$L:$L,'Base Diária'!$A:$A,$A8,'Base Diária'!$Q:$Q,"Sim") -> 46.14 | I8: =SUMIFS('Base Diária'!$M:$M,'Base Diária'!$A:$A,$A8,'Base Diária'!$Q:$Q,"Sim") -> 53.69 | J8: =IFERROR($H8/$I8,"") -> 0.85937791 | K8: =Parâmetros!$E$13 -> 0.8 | L8: =IFERROR($J8-$K8,"") -> 0.05937791 | M8: =IFERROR(COUNTIFS('Base Diária'!$A:$A,$A8,'Base Diária'!$R:$R,"Sim")/$F8,"") -> 0.85714286 | N8: =SUMIFS('Base Diária'!$S:$S,'Base Diária'!$A:$A,$A8,'Base Diária'!$Q:$Q,"Sim") -> 0.216 | O8: =COUNTIFS('Base Diária'!$A:$A,$A8,'Base Diária'!$T:$T,"Sim") -> 0 | P8: =COUNTIFS('Base Diária'!$A:$A,$A8,'Base Diária'!$P:$P,"Sim",'Base Diária'!$V:$V,"DIVERGE*") -> 0 | Q8: =IF($F8=0,"Não mensurável",IF(AND($J8>=$K8,$M8>=$K8),"Na meta",IF($J8>=$K8,"Atenção","Crítico"))) -> Na meta
A9: 11229 | B9: Cristiano Henrique Soares De Jesus | C9: {=IFERROR(_xlfn.LET(_xlpm.corte,IF(ISNUMBER(Parâmetros!$E$14),Parâmetros!$E$14,DATEVALUE(RIGHT(Parâmetros!$E$14,10))),_xlpm.dt,_xlfn.MAXIFS(Cadastro!$E$5:$E$243,Cadastro!$A$5:$A$243,$A9,Cadastro!$E$5:$E$243,"<="&_xlpm.corte),_xlfn.XLOOKUP(1,(Cadastro!$A$5:$A$243=$A9)*(Cadastro!$E$5:$E$243=_xlpm.dt),Cadastro!$C$5:$C$243)),"NÃO INFORMADO")} -> CAL | D9: {=IFERROR(_xlfn.LET(_xlpm.corte,IF(ISNUMBER(Parâmetros!$E$14),Parâmetros!$E$14,DATEVALUE(RIGHT(Parâmetros!$E$14,10))),_xlpm.dt,_xlfn.MAXIFS(Cadastro!$E$5:$E$243,Cadastro!$A$5:$A$243,$A9,Cadastro!$E$5:$E$243,"<="&_xlpm.corte),_xlfn.XLOOKUP(1,(Cadastro!$A$5:$A$243=$A9)*(Cadastro!$E$5:$E$243=_xlpm.dt),Cadastro!$D$5:$D$243)),"")} -> 6x1 | E9: =COUNTIFS('Base Diária'!$A:$A,$A9,'Base Diária'!$P:$P,"Sim") -> 17 | F9: =COUNTIFS('Base Diária'!$A:$A,$A9,'Base Diária'!$Q:$Q,"Sim") -> 17 | G9: =COUNTIFS('Base Diária'!$A:$A,$A9,'Base Diária'!$P:$P,"Sim",'Base Diária'!$Y:$Y,"Falta de registro") -> 0 | H9: =SUMIFS('Base Diária'!$L:$L,'Base Diária'!$A:$A,$A9,'Base Diária'!$Q:$Q,"Sim") -> 133.69 | I9: =SUMIFS('Base Diária'!$M:$M,'Base Diária'!$A:$A,$A9,'Base Diária'!$Q:$Q,"Sim") -> 145.44 | J9: =IFERROR($H9/$I9,"") -> 0.91921067 | K9: =Parâmetros!$E$13 -> 0.8 | L9: =IFERROR($J9-$K9,"") -> 0.11921067 | M9: =IFERROR(COUNTIFS('Base Diária'!$A:$A,$A9,'Base Diária'!$R:$R,"Sim")/$F9,"") -> 0.94117647 | N9: =SUMIFS('Base Diária'!$S:$S,'Base Diária'!$A:$A,$A9,'Base Diária'!$Q:$Q,"Sim") -> 2.78 | O9: =COUNTIFS('Base Diária'!$A:$A,$A9,'Base Diária'!$T:$T,"Sim") -> 1 | P9: =COUNTIFS('Base Diária'!$A:$A,$A9,'Base Diária'!$P:$P,"Sim",'Base Diária'!$V:$V,"DIVERGE*") -> 0 | Q9: =IF($F9=0,"Não mensurável",IF(AND($J9>=$K9,$M9>=$K9),"Na meta",IF($J9>=$K9,"Atenção","Crítico"))) -> Na meta
A10: 54611 | B10: Damiao Washington da Silva Oliveira | C10: {=IFERROR(_xlfn.LET(_xlpm.corte,IF(ISNUMBER(Parâmetros!$E$14),Parâmetros!$E$14,DATEVALUE(RIGHT(Parâmetros!$E$14,10))),_xlpm.dt,_xlfn.MAXIFS(Cadastro!$E$5:$E$243,Cadastro!$A$5:$A$243,$A10,Cadastro!$E$5:$E$243,"<="&_xlpm.corte),_xlfn.XLOOKUP(1,(Cadastro!$A$5:$A$243=$A10)*(Cadastro!$E$5:$E$243=_xlpm.dt),Cadastro!$C$5:$C$243)),"NÃO INFORMADO")} -> CAL | D10: {=IFERROR(_xlfn.LET(_xlpm.corte,IF(ISNUMBER(Parâmetros!$E$14),Parâmetros!$E$14,DATEVALUE(RIGHT(Parâmetros!$E$14,10))),_xlpm.dt,_xlfn.MAXIFS(Cadastro!$E$5:$E$243,Cadastro!$A$5:$A$243,$A10,Cadastro!$E$5:$E$243,"<="&_xlpm.corte),_xlfn.XLOOKUP(1,(Cadastro!$A$5:$A$243=$A10)*(Cadastro!$E$5:$E$243=_xlpm.dt),Cadastro!$D$5:$D$243)),"")} -> B | E10: =COUNTIFS('Base Diária'!$A:$A,$A10,'Base Diária'!$P:$P,"Sim") -> 15 | F10: =COUNTIFS('Base Diária'!$A:$A,$A10,'Base Diária'!$Q:$Q,"Sim") -> 12 | G10: =COUNTIFS('Base Diária'!$A:$A,$A10,'Base Diária'!$P:$P,"Sim",'Base Diária'!$Y:$Y,"Falta de registro") -> 3 | H10: =SUMIFS('Base Diária'!$L:$L,'Base Diária'!$A:$A,$A10,'Base Diária'!$Q:$Q,"Sim") -> 76.84 | I10: =SUMIFS('Base Diária'!$M:$M,'Base Diária'!$A:$A,$A10,'Base Diária'!$Q:$Q,"Sim") -> 92.04 | J10: =IFERROR($H10/$I10,"") -> 0.83485441 | K10: =Parâmetros!$E$13 -> 0.8 | L10: =IFERROR($J10-$K10,"") -> 0.034854411 | M10: =IFERROR(COUNTIFS('Base Diária'!$A:$A,$A10,'Base Diária'!$R:$R,"Sim")/$F10,"") -> 0.83333333 | N10: =SUMIFS('Base Diária'!$S:$S,'Base Diária'!$A:$A,$A10,'Base Diária'!$Q:$Q,"Sim") -> 2.602 | O10: =COUNTIFS('Base Diária'!$A:$A,$A10,'Base Diária'!$T:$T,"Sim") -> 0 | P10: =COUNTIFS('Base Diária'!$A:$A,$A10,'Base Diária'!$P:$P,"Sim",'Base Diária'!$V:$V,"DIVERGE*") -> 0 | Q10: =IF($F10=0,"Não mensurável",IF(AND($J10>=$K10,$M10>=$K10),"Na meta",IF($J10>=$K10,"Atenção","Crítico"))) -> Na meta
A11: 9821 | B11: Eurico Pinto Dos Santos | C11: {=IFERROR(_xlfn.LET(_xlpm.corte,IF(ISNUMBER(Parâmetros!$E$14),Parâmetros!$E$14,DATEVALUE(RIGHT(Parâmetros!$E$14,10))),_xlpm.dt,_xlfn.MAXIFS(Cadastro!$E$5:$E$243,Cadastro!$A$5:$A$243,$A11,Cadastro!$E$5:$E$243,"<="&_xlpm.corte),_xlfn.XLOOKUP(1,(Cadastro!$A$5:$A$243=$A11)*(Cadastro!$E$5:$E$243=_xlpm.dt),Cadastro!$C$5:$C$243)),"NÃO INFORMADO")} -> CAL | D11: {=IFERROR(_xlfn.LET(_xlpm.corte,IF(ISNUMBER(Parâmetros!$E$14),Parâmetros!$E$14,DATEVALUE(RIGHT(Parâmetros!$E$14,10))),_xlpm.dt,_xlfn.MAXIFS(Cadastro!$E$5:$E$243,Cadastro!$A$5:$A$243,$A11,Cadastro!$E$5:$E$243,"<="&_xlpm.corte),_xlfn.XLOOKUP(1,(Cadastro!$A$5:$A$243=$A11)*(Cadastro!$E$5:$E$243=_xlpm.dt),Cadastro!$D$5:$D$243)),"")} -> 6x1 | E11: =COUNTIFS('Base Diária'!$A:$A,$A11,'Base Diária'!$P:$P,"Sim") -> 17 | F11: =COUNTIFS('Base Diária'!$A:$A,$A11,'Base Diária'!$Q:$Q,"Sim") -> 16 | G11: =COUNTIFS('Base Diária'!$A:$A,$A11,'Base Diária'!$P:$P,"Sim",'Base Diária'!$Y:$Y,"Falta de registro") -> 1 | H11: =SUMIFS('Base Diária'!$L:$L,'Base Diária'!$A:$A,$A11,'Base Diária'!$Q:$Q,"Sim") -> 120.18 | I11: =SUMIFS('Base Diária'!$M:$M,'Base Diária'!$A:$A,$A11,'Base Diária'!$Q:$Q,"Sim") -> 136.64 | J11: =IFERROR($H11/$I11,"") -> 0.87953747 | K11: =Parâmetros!$E$13 -> 0.8 | L11: =IFERROR($J11-$K11,"") -> 0.079537471 | M11: =IFERROR(COUNTIFS('Base Diária'!$A:$A,$A11,'Base Diária'!$R:$R,"Sim")/$F11,"") -> 0.75 | N11: =SUMIFS('Base Diária'!$S:$S,'Base Diária'!$A:$A,$A11,'Base Diária'!$Q:$Q,"Sim") -> 5.934 | O11: =COUNTIFS('Base Diária'!$A:$A,$A11,'Base Diária'!$T:$T,"Sim") -> 1 | P11: =COUNTIFS('Base Diária'!$A:$A,$A11,'Base Diária'!$P:$P,"Sim",'Base Diária'!$V:$V,"DIVERGE*") -> 0 | Q11: =IF($F11=0,"Não mensurável",IF(AND($J11>=$K11,$M11>=$K11),"Na meta",IF($J11>=$K11,"Atenção","Crítico"))) -> Atenção
A12: 50636 | B12: Haroldo Honorato De Oliveira | C12: {=IFERROR(_xlfn.LET(_xlpm.corte,IF(ISNUMBER(Parâmetros!$E$14),Parâmetros!$E$14,DATEVALUE(RIGHT(Parâmetros!$E$14,10))),_xlpm.dt,_xlfn.MAXIFS(Cadastro!$E$5:$E$243,Cadastro!$A$5:$A$243,$A12,Cadastro!$E$5:$E$243,"<="&_xlpm.corte),_xlfn.XLOOKUP(1,(Cadastro!$A$5:$A$243=$A12)*(Cadastro!$E$5:$E$243=_xlpm.dt),Cadastro!$C$5:$C$243)),"NÃO INFORMADO")} -> CAL | D12: {=IFERROR(_xlfn.LET(_xlpm.corte,IF(ISNUMBER(Parâmetros!$E$14),Parâmetros!$E$14,DATEVALUE(RIGHT(Parâmetros!$E$14,10))),_xlpm.dt,_xlfn.MAXIFS(Cadastro!$E$5:$E$243,Cadastro!$A$5:$A$243,$A12,Cadastro!$E$5:$E$243,"<="&_xlpm.corte),_xlfn.XLOOKUP(1,(Cadastro!$A$5:$A$243=$A12)*(Cadastro!$E$5:$E$243=_xlpm.dt),Cadastro!$D$5:$D$243)),"")} -> 6x1 | E12: =COUNTIFS('Base Diária'!$A:$A,$A12,'Base Diária'!$P:$P,"Sim") -> 17 | F12: =COUNTIFS('Base Diária'!$A:$A,$A12,'Base Diária'!$Q:$Q,"Sim") -> 16 | G12: =COUNTIFS('Base Diária'!$A:$A,$A12,'Base Diária'!$P:$P,"Sim",'Base Diária'!$Y:$Y,"Falta de registro") -> 1 | H12: =SUMIFS('Base Diária'!$L:$L,'Base Diária'!$A:$A,$A12,'Base Diária'!$Q:$Q,"Sim") -> 120.18 | I12: =SUMIFS('Base Diária'!$M:$M,'Base Diária'!$A:$A,$A12,'Base Diária'!$Q:$Q,"Sim") -> 136.64 | J12: =IFERROR($H12/$I12,"") -> 0.87953747 | K12: =Parâmetros!$E$13 -> 0.8 | L12: =IFERROR($J12-$K12,"") -> 0.079537471 | M12: =IFERROR(COUNTIFS('Base Diária'!$A:$A,$A12,'Base Diária'!$R:$R,"Sim")/$F12,"") -> 0.75 | N12: =SUMIFS('Base Diária'!$S:$S,'Base Diária'!$A:$A,$A12,'Base Diária'!$Q:$Q,"Sim") -> 5.934 | O12: =COUNTIFS('Base Diária'!$A:$A,$A12,'Base Diária'!$T:$T,"Sim") -> 1 | P12: =COUNTIFS('Base Diária'!$A:$A,$A12,'Base Diária'!$P:$P,"Sim",'Base Diária'!$V:$V,"DIVERGE*") -> 0 | Q12: =IF($F12=0,"Não mensurável",IF(AND($J12>=$K12,$M12>=$K12),"Na meta",IF($J12>=$K12,"Atenção","Crítico"))) -> Atenção
